target_base_id,source_base_id,status,name
30000,71000,remapped,黑色雷普亞克髮型
30010,71010,remapped,黑色阿尼瑪蓮髮型
30020,71020,remapped,黑色阿尼瑪菈菈髮型
30030,71030,remapped,黑色阿尼瑪虎影髮型
30040,71040,remapped,黑色內層染色的鮑伯頭髮型
30050,71050,remapped,黑色俏皮甜糖髮型
30060,71060,remapped,黑色馬尾泡泡髮型
30070,71070,remapped,黑色露安娜髮型
30080,71080,remapped,黑色派對客人髮型
30090,71090,remapped,黑色夕霞漸層髮型
30100,71100,remapped,黑色泡芙髮型
30110,71110,remapped,黑色貓長波浪髮型
30120,71120,remapped,黑色彩虹gelato髮型
30130,71130,remapped,黑色溫暖辮子髮型
30140,71140,remapped,黑色絲滑雙馬尾髮型
30150,71150,remapped,黑色絲滑雙蝴蝶結髮型
30160,71160,remapped,黑色棉花髮型
30170,71170,remapped,黑色艾琳髮型
30180,71180,remapped,黑色迷霧艾琳髮型
30190,71190,remapped,黑色夜晚艾琳髮型
30200,71200,remapped,黑色小夜曲髮型
30210,71290,remapped,黑色頑皮貓咪髮型
30220,71300,remapped,黑色可愛側捲髮型
30230,71330,remapped,黑色陰陽師髮型
30240,71340,remapped,黑色劍豪髮型
30250,71350,remapped,黑色墨玄髮型
30260,71360,remapped,黑色琳恩髮型
30270,71380,remapped,검은색 살짝 넘겼어 헤어
30280,71390,remapped,검은색 물든 당고 헤어
30290,30290,unchanged,黑色紳士造型
30300,30300,unchanged,黑色齊眉自然造型
30310,30310,unchanged,黑色西瓜皮造型
30320,30320,unchanged,黑色黑人微捲造型
30330,30330,unchanged,黑色中長柔順造型
30340,30340,unchanged,黑色酷帥長髮造型
30350,30350,unchanged,黑色狂野造型
30360,30360,unchanged,黑色鳳梨造型
30370,30370,unchanged,黑色飛行員捲造型
30400,30400,unchanged,黑色瓦片頭造型
30410,30410,unchanged,黑色順風微捲造型
30420,30420,unchanged,黑色東方俠客造型
30440,30440,unchanged,黑色狂野奔放造型
30450,30450,unchanged,黑色飄逸柔順造型
30460,30460,unchanged,黑色旋風捲造型
30470,30470,unchanged,黑色天然短捲造型
30480,30480,unchanged,黑色時髦順髮造型
30490,30490,unchanged,黑色運動短髮造型
30510,30510,unchanged,黑色捲翹瀏海造型
30520,30520,unchanged,黑色特斯頭造型
30530,30530,unchanged,黑色高額頭造型
30540,30540,unchanged,黑色陰陽道造型
30550,30550,unchanged,黑色滿清髮辮造型
30560,30560,unchanged,黑色超酷台式造型
30570,30570,unchanged,黑色都會雅痞造型
30580,30580,unchanged,黑色飛機捲造型
30590,30590,unchanged,黑色儒雅短捲造型
30600,30600,unchanged,黑色復古油頭造型
30610,30610,unchanged,黑色尖刺龐克造型
30620,30620,unchanged,黑色日本武士造型
30630,30630,unchanged,黑色蓬鬆散羽造型
30640,30640,unchanged,黑色校園學生造型
30650,30650,unchanged,黑色運動男孩造型
30660,30660,unchanged,黑色酷帥短髮造型
30670,30670,unchanged,黑色棒棒男孩造型
30680,30680,unchanged,黑色花苞造型
30700,30700,unchanged,黑色海藻捲造型
30710,30710,unchanged,黑色阿福羅造型
30720,30720,unchanged,黑色觸鬚挑染造型
30730,30730,unchanged,黑色迎風飄逸造型
30740,30740,unchanged,黑色光頭造型
30750,30750,unchanged,黑色和尚頭造型
30760,30760,unchanged,黑色馬桶蓋造型
30770,30770,unchanged,黑色羅馬捲造型
30790,30790,unchanged,黑色獅子短鬃造型
30800,30800,unchanged,黑色迎風飄揚造型
30810,30810,unchanged,黑色火爆浪子造型
30820,30820,unchanged,黑色偶像小生造型
30830,30830,unchanged,黑色亞里斯造型
30840,30840,unchanged,黑色朱里昂造型
30850,30850,unchanged,黑色玉米鬚造型
30860,30860,unchanged,黑色走秀造型
30870,30870,unchanged,黑色街頭雅痞造型
30880,30880,unchanged,黑色時尚瀏海造型
30890,30890,unchanged,黑色帥氣大捲造型
30900,30900,unchanged,黑色羅維茲造型
30910,30910,unchanged,黑色短小捲造型
30920,30920,unchanged,黑色陽光小尾造型
30930,30930,unchanged,黑色瀏海型捲造型
30940,30940,unchanged,黑色動力髮型
30950,30950,unchanged,黑色波浪劉海造型
30990,30990,unchanged,黑色雷鬼造型
31000,31000,unchanged,黑色基本冒險造型
31010,31010,unchanged,黑色短捲中分造型
31020,31020,unchanged,黑色大波浪捲造型
31030,31030,unchanged,黑色俏妞髮辮造型
31040,31040,unchanged,黑色狂野冒險造型
31050,31050,unchanged,黑色長髮中分造型
31060,31060,unchanged,黑色髮尾上翹造型
31070,31070,unchanged,黑色小爆炸頭造型
31080,31080,unchanged,黑色半屏劉海造型
31090,31090,unchanged,黑色大馬尾造型
31100,31100,unchanged,黑色小花髮圈造型
31110,31110,unchanged,黑色波浪馬尾造型
31120,31120,unchanged,黑色清新小紮造型
31130,31130,unchanged,黑色短雙馬尾造型
31140,31140,unchanged,黑色傳統蒼龍造型
31150,31150,unchanged,黑色挑染長髮造型
31160,31160,unchanged,黑色青春小髻造型
31170,31170,unchanged,黑色黑人運動造型
31180,31180,unchanged,黑色澎雙馬尾造型
31190,31190,unchanged,黑色直捲燙造型
31200,31200,unchanged,黑色小可愛造型
31210,31210,unchanged,黑色齊瀏海造型
31220,31220,unchanged,黑色瀏海半遮造型
31230,31230,unchanged,黑色俏麗捲辮造型
31240,31240,unchanged,黑色披頭散髮造型
31250,31250,unchanged,黑色娃娃造型
31260,31260,unchanged,黑色俏佳人造型
31270,31270,unchanged,黑色妞妞造型
31280,31280,unchanged,黑色短髮打薄造型
31290,31290,unchanged,黑色活潑短髮造型
31300,31300,unchanged,黑色細辮雙包造型
31310,31310,unchanged,黑色齊眉波浪造型
31320,31320,unchanged,黑色飛散龐克造型
31330,31330,unchanged,黑色濃密直髮造型
31340,31340,unchanged,黑色層次短剪造型
31350,31350,unchanged,黑色四葉造型
31360,31360,unchanged,黑色蓬鬆束髮造型
31370,31370,unchanged,黑色浪漫編織造型
31400,31400,unchanged,黑色中性短髮造型
31410,31410,unchanged,黑色野性長髮造型
31420,31420,unchanged,黑色優雅中分造型
31440,31440,unchanged,黑色露琪亞造型
31450,31450,unchanged,黑色甜心雙尾造型
31460,31460,unchanged,黑色洋蔥短剪造型
31470,31470,unchanged,黑色中國女孩造型
31480,31480,unchanged,黑色波浪髮尾造型
31490,31490,unchanged,黑色隨意盤髮造型
31510,31510,unchanged,黑色繡球髮髻造型
31520,31520,unchanged,黑色海草燙捲造型
31530,31530,unchanged,黑色潔西卡造型
31540,31540,unchanged,黑色長羽毛剪造型
31550,31550,unchanged,黑色傳統華麗造型
31560,31560,unchanged,黑色尾端挑染造型
31570,31570,unchanged,黑色文藝燙捲造型
31580,31580,unchanged,黑色維特利安造型
31590,31590,unchanged,黑色捲髮盤起造型
31600,31600,unchanged,黑色修道之人造型
31610,31610,unchanged,黑色瑞迪亞造型
31620,31620,unchanged,黑色大花苞造型
31630,31630,unchanged,黑色俐落盤髮造型
31640,31640,unchanged,黑色迎風柔順造型
31650,31650,unchanged,黑色流線馬尾造型
31660,31660,unchanged,发型 31660
31670,31670,unchanged,黑色英式盤頭造型
31680,31680,unchanged,黑色長髮娃娃造型
31690,31690,unchanged,黑色海藻燙捲造型
31700,31700,unchanged,黑色螃蟹小紮造型
31710,31710,unchanged,黑色雙結羽毛造型
31720,31720,unchanged,黑色俏麗挑染造型
31730,31730,unchanged,黑色竹葉瀏海造型
31740,31740,unchanged,黑色甜蜜尾捲造型
31750,31750,unchanged,黑色鬃毛微捲造型
31760,31760,unchanged,黑色雙長馬尾造型
31770,31770,unchanged,黑色自然短髮造型
31780,31780,unchanged,黑色逆風飄揚造型
31790,31790,unchanged,黑色復古時尚造型
31800,31800,unchanged,黑色尾捲髮束造型
31810,31810,unchanged,黑色蘋果短髮造型
31820,31820,unchanged,黑色格萊熙造型
31830,31830,unchanged,黑色學生挑染造型
31840,31840,unchanged,黑色不良少女造型
31850,31850,unchanged,黑色隨意整理造型
31860,31860,unchanged,黑色小花波浪造型
31870,31870,unchanged,黑色奇多造型
31880,31880,unchanged,黑色堅強少女造型
31890,31890,unchanged,黑色小僮雙紮造型
31900,31900,unchanged,黑色雙束造型
31910,31910,unchanged,黑色甜心齊肩造型
31920,31920,unchanged,黑色魅力上捲造型
31930,31930,unchanged,黑色古典甜心造型
31940,31940,unchanged,黑色小紮波浪造型
31950,31950,unchanged,黑色飄逸淑女造型
31990,31990,unchanged,黑色龍魔導士造型
32020,32020,unchanged,发型 32020
32120,32120,unchanged,黑色機甲戰神造型
32130,32130,unchanged,黑色機甲戰神造型
32140,32140,unchanged,黑色髮尾大捲造型
32150,32150,unchanged,黑色雪莉造型
32160,32160,unchanged,黑色克勞烏造型
32430,32430,unchanged,黑色雙奶油捲造型
32440,32440,unchanged,黑色飄逸海草造型
32450,32450,unchanged,黑色頂尖山峰造型
32460,32460,unchanged,黑色核爆事故造型
32470,32470,unchanged,黑色雙奶油捲造型
32480,32480,unchanged,黑色飄逸海草造型
32490,32490,unchanged,黑色頂尖山峰造型
32500,32500,unchanged,黑色核爆事故造型
32560,32560,unchanged,黑色多層葉片造型
32580,32580,unchanged,黑色露娜造型
32640,32640,unchanged,黑色桐人造型
32650,32650,unchanged,黑色亞絲娜造型
32660,32660,unchanged,黑色莉法造型
32720,32720,unchanged,愛蜜莉雅髮型
32730,32730,unchanged,雷姆髮型
32740,32740,unchanged,拉姆髮型
32750,32750,unchanged,阿克婭髮型
32760,32760,unchanged,譚雅髮型
32780,32780,unchanged,黑色瑪麗西亞髮型
33000,33000,unchanged,黑色金賢重造型
33030,33030,unchanged,黑色小啾辮造型
33060,33060,unchanged,黑色金賢重造型
33070,33070,unchanged,黑色雷鬼造型
33080,33080,unchanged,黑色狂狼勇士造型
33090,33090,unchanged,黑色獅子長鬃造型
33100,33100,unchanged,黑色花輪造型
33110,33110,unchanged,黑色電擊捲髮造型
33120,33120,unchanged,黑色達浪造型
33130,33130,unchanged,黑色俐落高手造型
33140,33140,unchanged,黑色帥氣小髻造型
33150,33150,unchanged,黑色龍魔導士造型
33160,33160,unchanged,黑色莉琳造型
33170,33170,unchanged,黑色陽光少年造型
33180,33180,unchanged,黑色衝突髮型
33190,33190,unchanged,黑色煉獄巫師造型
33200,33200,unchanged,黑色影武者造型
33210,33210,unchanged,黑色擴散鬃毛造型
33220,33220,unchanged,黑色漂色造型
33230,33230,unchanged,黑色中國狂熱造型
33240,33240,unchanged,黑色自然短髮造型
33250,33250,unchanged,黑色妖精翁造型
33260,33260,unchanged,黑色那因哈特髮型
33270,33270,unchanged,黑色尖翹高聳造型
33280,33280,unchanged,黑色帥勁微捲造型
33290,33290,unchanged,黑色翹瀏海造型
33300,33300,unchanged,黑色雙小包造型
33310,33310,unchanged,黑色飆風狂野造型
33320,33320,unchanged,黑色狂豹獵人造型
33330,33330,unchanged,黑色寶貝散捲造型
33340,33340,unchanged,黑色韓系偶像造型
33350,33350,unchanged,黑色漂泊浪子造型
33360,33360,unchanged,黑色定型翹髮造型
33370,33370,unchanged,黑色隨興抓髮造型
33380,33380,unchanged,黑色嘻哈造型
33390,33390,unchanged,黑色費奇造型
33400,33400,unchanged,黑色帥氣管家造型
33410,33410,unchanged,黑色拉斯塔造型
33420,33420,unchanged,黑色日式領主造型
33430,33430,unchanged,黑色垂耳小貓造型
33440,33440,unchanged,黑色勁舞巨星造型
33450,33450,unchanged,黑色漸層銀灰
33460,33460,unchanged,黑色後梳黑造型
33470,33470,unchanged,黑色帥氣日系造型
33480,33480,unchanged,黑色酷紈子弟造型
33490,33490,unchanged,黑色千鈞一髮造型
33500,33500,unchanged,黑色翹瀏海造型
33510,33510,unchanged,黑色機甲戰神造型
33520,33520,unchanged,黑色花花公子造型
33530,33530,unchanged,黑色惡魔殺手造型
33540,33540,unchanged,黑色復古旁分造型
33550,33550,unchanged,黑色帥氣蒼龍造型
33580,33580,unchanged,黑色瀏海飛揚造型
33590,33590,unchanged,黑色浪漫巴黎造型
33600,33600,unchanged,黑色層次柔順造型
33610,33610,unchanged,黑色克勞烏造型
33620,33620,unchanged,黑色藝術氣息造型
33630,33630,unchanged,黑色中性別緻造型
33640,33640,unchanged,黑色酷帥逆風造型
33650,33650,unchanged,黑色浪漫義式造型
33660,33660,unchanged,黑色翹髮寶貝造型
33670,33670,unchanged,黑色書生馬尾造型
33680,33680,unchanged,黑色皇族紮髮造型
33690,33690,unchanged,黑色孩子王造型
33700,33700,unchanged,黑色俐落幻影造型
33710,33710,unchanged,黑色活力小紮造型
33720,33720,unchanged,黑色側分飄逸造型
33730,33730,unchanged,黑色飄揚幻影造型
33740,33740,unchanged,黑色柔順輕揚造型
33750,33750,unchanged,黑色簡約瀏海造型
33760,33760,unchanged,黑色嬰兒捲造型
33770,33770,unchanged,黑色魅力側分造型
33780,33780,unchanged,黑色自然梳理造型
33790,33790,unchanged,黑色復古側遮造型
33800,33800,unchanged,黑色火焰瀏海造型
33810,33810,unchanged,黑色哈密瓜造型
33820,33820,unchanged,黑色現代武者造型
33830,33830,unchanged,黑色古式武者造型
33930,33930,unchanged,黑色粗曠造型
33940,33940,unchanged,黑色古惑性格造型
33950,33950,unchanged,黑色斜遮短髮造型
33960,33960,unchanged,黑色城市貴族造型
33970,33970,unchanged,黑色個性大紮造型
33980,33980,unchanged,黑色率性上揚造型
33990,33990,unchanged,黑色火焰造型
34000,34000,unchanged,黑色高紮束髮造型
34010,34010,unchanged,黑色捲燙中造型
34040,34040,unchanged,黑色短翹造型
34070,34070,unchanged,黑色高紮束髮造型
34080,34080,unchanged,黑色捲燙中造型
34090,34090,unchanged,黑色狂狼勇士造型
34100,34100,unchanged,黑色蝴蝶髮束造型
34110,34110,unchanged,黑色幻影造型
34120,34120,unchanged,黑色波希米亞造型
34130,34130,unchanged,黑色濃密瀏海造型
34140,34140,unchanged,黑色雪姬造型
34150,34150,unchanged,黑色帥氣小髻造型
34160,34160,unchanged,黑色莉琳造型
34170,34170,unchanged,黑色俏麗輕盈造型
34180,34180,unchanged,黑色捲翹馬尾造型
34190,34190,unchanged,黑色狂豹獵人造型
34200,34200,unchanged,黑色影武者造型
34210,34210,unchanged,黑色活潑波浪髮型
34220,34220,unchanged,黑色露娜造型
34230,34230,unchanged,黑色小帽蓋造型
34240,34240,unchanged,黑色蘋果長髮造型
34250,34250,unchanged,黑色濃密澎澎造型
34260,34260,unchanged,黑色率性小包造型
34270,34270,unchanged,黑色馬奧奈特造型
34280,34280,unchanged,黑色雙小包造型
34290,34290,unchanged,黑色煉獄巫師造型
34300,34300,unchanged,黑色狂豹獵人造型
34310,34310,unchanged,黑色傲嬌髮捲造型
34320,34320,unchanged,黑色日式小僮造型
34330,34330,unchanged,黑色嬌小紮尾造型
34340,34340,unchanged,黑色浪漫編織造型
34350,34350,unchanged,黑色桂冠髮圈造型
34360,34360,unchanged,黑色夢想少女造型
34370,34370,unchanged,黑色小櫻造型
34380,34380,unchanged,黑色洛珂公主造型
34390,34390,unchanged,黑色日式領主造型
34400,34400,unchanged,黑色單辮瀏海造型
34410,34410,unchanged,黑色惡魔殺手造型
34420,34420,unchanged,黑色精靈遊俠造型
34430,34430,unchanged,黑色鞭炮辮子造型
34440,34440,unchanged,黑色嬰兒捲造型
34450,34450,unchanged,黑色垂耳小貓造型
34460,34460,unchanged,黑色千鈞一髮造型
34470,34470,unchanged,黑色蘋果層次造型
34480,34480,unchanged,黑色機甲戰神造型
34490,34490,unchanged,黑色俐落尾捲造型
34510,34510,unchanged,黑色美人魚造型
34540,34540,unchanged,黑色魅力側分造型
34560,34560,unchanged,黑色自然梳理造型
34590,34590,unchanged,黑色清新小紮造型
34600,34600,unchanged,黑色雪莉造型
34610,34610,unchanged,黑色銀河公主造型
34620,34620,unchanged,黑色氣質愛心造型
34630,34630,unchanged,黑色優雅女皇造型
34640,34640,unchanged,黑色厚髮上盤造型
34650,34650,unchanged,黑色帥氣蒼龍造型
34660,34660,unchanged,黑色雙角捲造型
34670,34670,unchanged,黑色迷霧玫瑰造型
34680,34680,unchanged,黑色熱舞少女造型
34690,34690,unchanged,黑色可可波浪造型
34700,34700,unchanged,黑色俐落幻影造型
34710,34710,unchanged,黑色天線髮捲造型
34720,34720,unchanged,黑色蓬鬆髮辮造型
34730,34730,unchanged,黑色飄揚幻影造型
34740,34740,unchanged,黑色柔順輕揚造型
34750,34750,unchanged,黑色蝴蝶側尾造型
34760,34760,unchanged,黑色小啾紮髮造型
34770,34770,unchanged,黑色艾麗亞造型
34780,34780,unchanged,黑色希拉造型
34790,34790,unchanged,黑色華爾滋造型
34800,34800,unchanged,黑色漸層短髮造型
34810,34810,unchanged,黑色現代武者造型
34820,34820,unchanged,黑色雪希造型
34830,34830,unchanged,黑色長髮公主造型
34840,34840,unchanged,黑色賽倫誘惑造型
34850,34850,unchanged,黑色圈圈髮尾造型
34860,34860,unchanged,黑色月光仙子造型
34870,34870,unchanged,黑色繽紛髮尾造型
34880,34880,unchanged,黑色蝴蝶少女造型
34890,34890,unchanged,黑色惺忪妹妹造型
34900,34900,unchanged,黑色女神髮辮造型
34910,34910,unchanged,黑色俏麗流行造型
34940,34940,unchanged,黑色西格諾斯造型
34950,34950,unchanged,黑色伊麗娜造型
34960,34960,unchanged,黑色丹妮卡造型
34970,34970,unchanged,黑色高馬尾造型
34980,34980,unchanged,发型 34980
34990,34990,unchanged,黑色熱血蒼龍造型
35000,35000,unchanged,黑色貼頭短髮造型
35010,35010,unchanged,黑色奧利佛造型
35020,35020,unchanged,黑色隨興自捲造型
35030,35030,unchanged,黑色運動少年造型
35040,35040,unchanged,黑色搖滾派對造型
35050,35050,unchanged,黑色颶風造型
35060,35060,unchanged,黑色貝瑞斯塔造型
35070,35070,unchanged,黑色煩惱退散造型
35080,35080,unchanged,黑色浪人散髮造型
35090,35090,unchanged,黑色雪花層次造型
35100,35100,unchanged,黑色隱月造型
35140,35140,unchanged,黑色流星髮型
35150,35150,unchanged,黑色率性切角造型
35160,35160,unchanged,黑色活潑幻獸造型
35170,35170,unchanged,黑色調皮幻獸造型
35180,35180,unchanged,黑色勝利騎士造型
35190,35190,unchanged,黑色俏皮沖天造型
35200,35200,unchanged,黑色帥氣偶像造型
35210,35210,unchanged,黑色長髮犬妖造型
35250,35250,unchanged,黑色滑頭髮型
35260,35260,unchanged,黑色精緻造型
35280,35280,unchanged,黑色飛揚定型造型
35290,35290,unchanged,黑色創意十足造型
35300,35300,unchanged,黑色中等學生造型
35310,35310,unchanged,黑色克里斯托夫頭
35320,35320,unchanged,黑色全新蒼龍髮型
35330,35330,unchanged,黑色摩卡造型
35350,35350,unchanged,黑色簡短造型
35360,35360,unchanged,黑色爆米花頭
35420,35420,unchanged,黑色冰霧造型
35430,35430,unchanged,黑色美艷頭
35440,35440,unchanged,黑色閃亮蝴蝶頭
35460,35460,unchanged,黑色喬伊斯頭
35470,35470,unchanged,黑色冰糖頭
35480,35480,unchanged,黑色禿頭
35490,35490,unchanged,黑色奧德賽髮型
35500,35500,unchanged,黑色清爽頭
35510,35510,unchanged,黑色迪倫頭
35520,35520,unchanged,黑色個性造型
35530,35530,unchanged,黑色衝擊造型
35540,35540,unchanged,黑色溫柔短髮造型
35550,35550,unchanged,黑色笨蛋少年造型
35560,35560,unchanged,黑色短捲造型
35570,35570,unchanged,黑色綿密造型
35580,35580,unchanged,黑色懶散翹髮
35590,35590,unchanged,黑色熱血閃電
35600,35600,unchanged,黑色日光造型
35620,35620,unchanged,黑色甜美毛線造型
35630,35630,unchanged,黑色優質男友造型
35640,35640,unchanged,黑色武師造型
35650,35650,unchanged,黑色托特造型
35660,35660,unchanged,黑色露雅造型
35680,35680,unchanged,黑色小馬尾造型
35690,35690,unchanged,黑色蜜糖男孩髮型
35700,35700,unchanged,黑色地獄之影髮型
35710,35710,unchanged,黑色閃亮新芽造形
35720,35720,unchanged,黑色黑海造型
35780,35780,unchanged,黑色少年感性造型
35790,35790,unchanged,黑色艾爾文造型
35820,35820,unchanged,黑色陰陽師長髮造型
35830,35830,unchanged,黑色陰陽師馬尾造型
35840,35840,unchanged,黑色愉快慶典造型(男)
35850,35850,unchanged,黑色西格諾斯造型(男)
35860,35860,unchanged,黑色愛莉絲造型(男)
35870,35870,unchanged,黑色繆斯女神造型(男)
35880,35880,unchanged,黑色帥氣蒼龍造型(男)
35890,35890,unchanged,黑色澎柔雙辮造型(男)
35900,35900,unchanged,黑色蝴蝶側尾造型
35910,35910,unchanged,黑色輕盈雙辮造型(男)
35920,35920,unchanged,黑色旋風馬尾造型(男)
35930,35930,unchanged,黑色純樸少女造型(男)
35940,35940,unchanged,黑色娃娃盤髮造型(男)
35950,35950,unchanged,黑色感知造形
35960,35960,unchanged,黑色放浪者造形
35970,35970,unchanged,黑色獸耳娘髮型
35980,35980,unchanged,黑色影子舞者髮型
35990,35990,unchanged,黑色瀑布髮型
36000,36000,unchanged,黑色山下是9造型
36010,36010,unchanged,黑色陰陽道造型
36020,36020,unchanged,黑色強力雕塑造型
36030,36030,unchanged,黑色米哈逸造型
36040,36040,unchanged,黑色率性上揚造型
36050,36050,unchanged,黑色蜜糖男孩造型
36070,36070,unchanged,黑色伊卡勒特造型
36080,36080,unchanged,黑色瑪哈造型
36090,36090,unchanged,黑色少年那因造型
36100,36100,unchanged,黑色剉冰造型
36110,36110,unchanged,发型 36110
36120,36120,unchanged,黑色武道蒼龍造型
36130,36130,unchanged,黑色史烏造型
36140,36140,unchanged,黑色米洛提造型
36150,36150,unchanged,黑色衝刺造型
36160,36160,unchanged,黑色遮頭蓋面造型
36170,36170,unchanged,黑色柔和夜光造型
36180,36180,unchanged,黑色馬卡龍造型
36190,36190,unchanged,黑色帥氣夜光造型
36200,36200,unchanged,黑色隼人造型
36210,36210,unchanged,黑色柳葉造型
36220,36220,unchanged,黑色半熟男孩造型
36230,36230,unchanged,黑色層層波浪造型
36240,36240,unchanged,黑色少年勇士髮型
36250,36250,unchanged,黑色青年凱撒造型
36280,36280,unchanged,黑色直瀏海造型
36300,36300,unchanged,黑色夢幻夜曲造型
36310,36310,unchanged,黑色可愛圓蓋造型
36330,36330,unchanged,黑色午夜狂熱造型
36340,36340,unchanged,黑色復古瀏海造型
36350,36350,unchanged,黑色閃亮瀏海造型
36380,36380,unchanged,黑色運動型男造型
36390,36390,unchanged,黑色蓬鬆有型造型
36400,36400,unchanged,黑色短捲翹髮造型
36410,36410,unchanged,黑色飛鷹之翼造型
36420,36420,unchanged,黑色指揮家造型
36430,36430,unchanged,黑色橡果造型
36440,36440,unchanged,黑色情歌王子造型
36450,36450,unchanged,黑色新潮時尚造型
36460,36460,unchanged,黑色復仇惡魔造型
36470,36470,unchanged,黑色傑諾造型
36480,36480,unchanged,黑色史烏造型
36510,36510,unchanged,黑色非對稱造型
36520,36520,unchanged,黑色強調輪廓造型
36530,36530,unchanged,黑色黑日梅司造型
36560,36560,unchanged,黑色混合髮型
36570,36570,unchanged,黑色皇家騎士造型
36580,36580,unchanged,黑色棉花糖造型
36590,36590,unchanged,黑色青澀短髮造型
36600,36600,unchanged,黑色陰陽宗造型
36610,36610,unchanged,黑色陰陽術士造型
36620,36620,unchanged,黑色層次散羽造型
36630,36630,unchanged,黑色神之子造型
36640,36640,unchanged,黑色街頭魔幻造型
36650,36650,unchanged,黑色雲朵造型
36660,36660,unchanged,黑色短髮犬妖造型
36670,36670,unchanged,黑色波浪瀏海造型
36680,36680,unchanged,黑色黑桃造型
36690,36690,unchanged,黑色妖狐少年造型
36700,36700,unchanged,黑色綿密泡沫造型
36710,36710,unchanged,黑色蓋頭蓋臉造型
36720,36720,unchanged,黑色梅杜莎造型
36730,36730,unchanged,黑色異國風情造型
36740,36740,unchanged,黑色染尾亂捲造型
36750,36750,unchanged,黑色俏皮飛揚造型
36760,36760,unchanged,黑色隨風飛舞造型
36770,36770,unchanged,黑色狂野濃密造型
36780,36780,unchanged,黑色勇士之村造型
36790,36790,unchanged,黑色冒險盜賊造型
36800,36800,unchanged,黑色潤澤耀眼造型
36810,36810,unchanged,黑色飛翹年輕造型
36820,36820,unchanged,黑色夜幕降臨造型
36830,36830,unchanged,黑色層次銀羽造型
36840,36840,unchanged,黑色泰斯造型
36850,36850,unchanged,黑色音樂家造型
36860,36860,unchanged,黑色浪子小捲造型
36900,36900,unchanged,黑色垂耳兔造型
36910,36910,unchanged,黑色衝天翼造型
36920,36920,unchanged,黑色藍迪造型
36930,36930,unchanged,黑色未來科技造型
36940,36940,unchanged,黑色蘋果小紮造型
36950,36950,unchanged,黑色阿爾法造型
36980,36980,unchanged,黑色妖精王造型
36990,36990,unchanged,黑色浪人散髮造型
37000,37000,unchanged,黑色殺人鯨造型
37010,37010,unchanged,黑色瓦蕾莉造型
37020,37020,unchanged,黑色水晶造型
37030,37030,unchanged,黑色花香波浪造型
37040,37040,unchanged,黑色柔和夜光造型
37050,37050,unchanged,黑色純樸少女造型
37060,37060,unchanged,黑色繆斯女神造型
37070,37070,unchanged,黑色帥氣夜光造型
37080,37080,unchanged,黑色陰陽宗造型
37090,37090,unchanged,黑色捲馬尾造型
37100,37100,unchanged,黑色桃樂絲造型
37110,37110,unchanged,黑色小捲髮結造型
37120,37120,unchanged,黑色青年凱撒造型
37130,37130,unchanged,黑色少年凱撒造型
37140,37140,unchanged,黑色破壞天使造型
37190,37190,unchanged,黑色傻氣甜心造型
37210,37210,unchanged,黑色捲燙髮結造型
37220,37220,unchanged,黑色包脖長髮造型
37230,37230,unchanged,黑色含苞待放造型
37240,37240,unchanged,黑色新星短髮造型
37250,37250,unchanged,黑色害羞天使造型
37260,37260,unchanged,黑色戰鬥天使造型
37270,37270,unchanged,黑色陰陽道造型
37280,37280,unchanged,黑色便條造型
37300,37300,unchanged,黑色飄逸內捲造型
37310,37310,unchanged,黑色珍珠小結造型
37320,37320,unchanged,黑色紫丁香造型
37330,37330,unchanged,黑色短波浪造型
37340,37340,unchanged,黑色柔順絲滑造型
37350,37350,unchanged,黑色嬌俏雙尾造型
37370,37370,unchanged,黑色佛羅拉造型
37380,37380,unchanged,黑色中國風情造型
37400,37400,unchanged,黑色普希泰伊造型
37440,37440,unchanged,发型 37440
37450,37450,unchanged,黑色復仇惡魔造型
37460,37460,unchanged,黑色殺人鯨造型
37490,37490,unchanged,黑色傑諾造型
37500,37500,unchanged,黑色裴黎爾造型
37510,37510,unchanged,黑色澎澎尾捲造型
37520,37520,unchanged,黑色輕盈雙辮造型
37530,37530,unchanged,黑色愛莉絲造型
37560,37560,unchanged,黑色蝴蝶小紮造型
37570,37570,unchanged,黑色皇家騎士造型
37580,37580,unchanged,黑色波浪小紮造型
37590,37590,unchanged,黑色狂劍豪造型
37600,37600,unchanged,黑色斂劍豪造型
37610,37610,unchanged,黑色寶貝少女造型
37620,37620,unchanged,黑色神之子造型
37630,37630,unchanged,黑色貴族千金造型
37640,37640,unchanged,黑色隨風飄逸造型
37650,37650,unchanged,黑色星星仙女造型
37660,37660,unchanged,黑色葉片短髮造型
37670,37670,unchanged,黑色繽紛色彩造型
37680,37680,unchanged,黑色直髮乖乖造型
37690,37690,unchanged,黑色妖狐少女造型
37700,37700,unchanged,黑色編織髮帶造型
37710,37710,unchanged,黑色高音歌手造型
37720,37720,unchanged,黑色雙色髮辮造型
37730,37730,unchanged,黑色迷人短剪造型
37740,37740,unchanged,黑色西洋栗造型
37750,37750,unchanged,黑色波浪盤髮造型
37760,37760,unchanged,黑色少女小花造型
37770,37770,unchanged,黑色魔法森林造型
37780,37780,unchanged,黑色冒險射手造型
37790,37790,unchanged,黑色冒險海盜造型
37800,37800,unchanged,黑色俏皮辮子造型
37810,37810,unchanged,黑色娃娃盤髮造型
37820,37820,unchanged,黑色歐洛拉造型
37830,37830,unchanged,黑色薰衣草造型
37840,37840,unchanged,黑色糖果造型
37850,37850,unchanged,黑色奧莉維亞造型
37860,37860,unchanged,黑色飄飄澎髮造型
37870,37870,unchanged,发型 37870
37880,37880,unchanged,黑色小野菊造型
37910,37910,unchanged,黑色牛角辮造型
37920,37920,unchanged,黑色垂耳兔造型
37930,37930,unchanged,黑色未來科技造型
37940,37940,unchanged,黑色愛情暗示造型
37950,37950,unchanged,黑色蓓塔造型
37960,37960,unchanged,黑色妖精女王造型
37970,37970,unchanged,黑色奧莉維亞造型
37980,37980,unchanged,黑色紀念日髮型
37990,37990,unchanged,黑色澎澎小啾造型
38000,38000,unchanged,黑色俏麗髮辮造型
38010,38010,unchanged,黑色隨興吹整造型
38020,38020,unchanged,黑色嫦娥造型
38030,38030,unchanged,黑色雙短辮造型
38040,38040,unchanged,黑色蝴蝶波浪造型
38050,38050,unchanged,黑色旋風馬尾造型
38060,38060,unchanged,黑色螺旋尾捲造型
38070,38070,unchanged,黑色超長波浪造型
38090,38090,unchanged,黑色惑星公主造型
38100,38100,unchanged,黑色甜蜜馬尾造型
38110,38110,unchanged,黑色清湯掛麵造型
38120,38120,unchanged,黑色澎柔雙辮造型
38130,38130,unchanged,黑色隱月造型
38250,38250,unchanged,黑色活潑幻獸造型
38260,38260,unchanged,黑色調皮幻獸造型
38270,38270,unchanged,黑色綿羊毛造型
38280,38280,unchanged,黑色甜姐兒造型
38290,38290,unchanged,黑色星光閃爍造型
38300,38300,unchanged,黑色小捲尾造型
38310,38310,unchanged,黑色綿羊耳造型
38380,38380,unchanged,黑色捲髮造型
38390,38390,unchanged,黑色可愛風格頭
38400,38400,unchanged,黑色甜蜜瀏海造型
38410,38410,unchanged,黑色柔絲交疊造型
38420,38420,unchanged,黑色綿綿微捲造型
38430,38430,unchanged,黑色蝴蝶捲尾造型
38440,38440,unchanged,黑色엘사 헤어
38450,38450,unchanged,黑色武道蒼龍造型
38460,38460,unchanged,黑色親和雙辮造型
38470,38470,unchanged,黑色愛美造型
38490,38490,unchanged,黑色糖果頭
38520,38520,unchanged,黑色雙辮子造型
38540,38540,unchanged,黑色慵懶青春造型
38550,38550,unchanged,黑色酸酸甜甜髮型
38560,38560,unchanged,黑色閃亮蝴蝶頭
38570,38570,unchanged,黑色彩虹頭
38580,38580,unchanged,黑色氣質長髮
38590,38590,unchanged,黑色奧德賽髮型
38600,38600,unchanged,黑色蝴蝶花造型
38610,38610,unchanged,黑色閃亮色帶造形
38620,38620,unchanged,黑色清新短髮
38630,38630,unchanged,黑色露查莉亞頭
38640,38640,unchanged,黑色陽光頭
38650,38650,unchanged,黑色高綁造型
38660,38660,unchanged,黑色瀟灑造型
38670,38670,unchanged,黑色活力短髮造型
38680,38680,unchanged,黑色笨蛋少女造型
38690,38690,unchanged,黑色側綁造型
38700,38700,unchanged,黑色小可愛造型
38710,38710,unchanged,黑色傲嬌千金
38730,38730,unchanged,黑色酸毛線造型
38740,38740,unchanged,黑色優質女友造型
38750,38750,unchanged,黑色森林系造型
38760,38760,unchanged,黑色斷層染造型
38800,38800,unchanged,黑色消音造型
38810,38810,unchanged,黑色春漾髮型
38820,38820,unchanged,黑色公主髮型
38840,38840,unchanged,黑色莉莉造型
38860,38860,unchanged,黑色伊麗娜造型
38880,38880,unchanged,黑色Friend西格諾斯造型
38890,38890,unchanged,黑色女劍客長髮造型
38900,38900,unchanged,黑色女劍客短髮造型
38910,38910,unchanged,黑色滑動造型
38940,38940,unchanged,黑色華麗閃亮造形
38950,38950,unchanged,黑色史烏造型(女)
38960,38960,unchanged,黑色長髮犬妖造型(女)
38970,38970,unchanged,黑色狂野奔放造型(女)
38980,38980,unchanged,黑色帥氣管家造型(女)
38990,38990,unchanged,黑色皇族紮髮造型(女)
39090,39090,unchanged,黑色彩芽髮型
39100,39100,unchanged,黑色初音未來髮型
39110,39110,unchanged,黑色KAITO髮型
39120,39120,unchanged,黑色鏡音鈴髮型
39130,39130,unchanged,黑色鏡音連髮型
39140,39140,unchanged,黑色艾連造型(共用)
39150,39150,unchanged,黑色米卡莎造型(共用)
39160,39160,unchanged,黑色阿爾敏造型(共用)
39170,39170,unchanged,黑色里維造型(共用)
39310,39310,unchanged,昴美髮
39320,39320,unchanged,庫珥修美髮
39330,39330,unchanged,菲莉絲美髮
39340,39340,unchanged,愛蜜莉雅美髮
39350,39350,unchanged,雷姆美髮
39360,39360,unchanged,拉姆美髮
39370,39370,unchanged,渚薰髮型
39380,39380,unchanged,碇真嗣髮型
39390,39390,unchanged,明日香髮型
39400,39400,unchanged,真希波髮型
39410,39410,unchanged,綾波零髮型
39420,39420,unchanged,黑色小櫻髮型
39430,39430,unchanged,黑色小狼髮型
39440,39440,unchanged,黑色知世髮型
40000,40000,unchanged,黑色楓狂波浪造形
40010,40010,unchanged,黑色艾提客造形
40020,40020,unchanged,黑色波麥德造形
40050,40050,unchanged,黑色杰伊造形
40060,40060,unchanged,黑色時之國白兔造形
40070,40070,unchanged,黑色狂劍豪造型
40080,40080,unchanged,黑色直瀏海造型
40090,40090,unchanged,黑色間諜髮型
40100,40100,unchanged,黑色浪漫少年髮型
40120,40120,unchanged,黑色鄉村髮型
40130,40130,unchanged,黑色水晶造型
40140,40140,unchanged,黑色酸毛線造型
40150,40150,unchanged,黑色可愛風格頭
40160,40160,unchanged,黑色蓬鬆束髮造型
40170,40170,unchanged,黑色星星仙女造型
40180,40180,unchanged,黑色甜姐兒造型
40190,40190,unchanged,黑色雙束造型
40200,40200,unchanged,黑色小紮波浪造型
40210,40210,unchanged,黑色單辮瀏海造型
40220,40220,unchanged,黑色華爾滋造型
40230,40230,unchanged,黑色飄逸內捲造型
40250,40250,unchanged,黑色慕尼造型
40260,40260,unchanged,黑色閃光造型
40270,40270,unchanged,黑色奶油造型
40280,40280,unchanged,黑色白法師髮型
40290,40290,unchanged,黑色龍魔導士髮型
40300,40300,unchanged,白色憤怒狂野髮型
40310,40310,unchanged,黑色隱月髮型
40320,40320,unchanged,黑色幻影俠盜髮型
40330,40330,unchanged,黑色夜光的髮型
40390,40390,unchanged,黑色星星閃亮的髮型
40400,40400,unchanged,黑色衝刺髮型
40410,40410,unchanged,黑色精靈遊俠髮型
40420,40420,unchanged,黑色狂狼勇士髮型
40430,40430,unchanged,黑色不平衡的造型
40440,40440,unchanged,黑色閃亮亮男孩髮型
40450,40450,unchanged,黑色國王髮型
40460,40460,unchanged,黑色戴米安髮型
40470,40470,unchanged,黑色兒童髮型
40480,40480,unchanged,黑色森林之精靈
40490,40490,unchanged,黑色塔樓王子造型
40500,40500,unchanged,黑色超短髮型
40510,40510,unchanged,黑色弗洛裡安髮型
40520,40520,unchanged,黑色狠酷造型
40530,40530,unchanged,黑色蠶寶寶造型
40540,40540,unchanged,黑色流浪少年造型
40550,40550,unchanged,黑色莫西髮型
40560,40560,unchanged,黑色頭燙捲龐克髮型
40570,40570,unchanged,黑色拿鐵泡泡髮型
40580,40580,unchanged,黑色閃亮髮型
40590,40590,unchanged,黑色棘鬼髮型
40600,40600,unchanged,黑色雲朵髮型
40610,40610,unchanged,黑色雙色馬尾髮型
40620,40620,unchanged,黑色四方刺刺髮型
40630,40630,unchanged,黑色頭巾髮型
40640,40640,unchanged,黑色染髮造型
40650,40650,unchanged,黑色帥鼠髮型
40660,40660,unchanged,黑色夕陽髮型
40670,40670,unchanged,黑色露希妲髮型
40680,40680,unchanged,黑色青春期少年髮型
40690,40690,unchanged,黑色可愛捲捲髮型
40700,40700,unchanged,黑色油頭髮型
40710,40710,unchanged,黑色GD髮型
40720,40720,unchanged,黑色凱伊髮型
40730,40730,unchanged,黑色麥吉髮型
40740,40740,unchanged,黑色泡泡髮型
40750,40750,unchanged,黑色妖怪髮型
40760,40760,unchanged,黑色kisses髮型
40770,40770,unchanged,黑色拉麵頭髮型
40780,40780,unchanged,黑色逗點瀏海髮型
40790,40790,unchanged,黑色開朗捲捲造型
40800,40800,unchanged,黑色光頭上司造型
40810,40810,unchanged,黑色彈跳髮型
40820,40820,unchanged,黑色格雷伯爵髮型
40830,40830,unchanged,黑色我超帥髮型
40840,40840,unchanged,黑色異國風髮型
40850,40850,unchanged,黑色華麗機器人瑪倫髮型
40860,40860,unchanged,黑色華麗機器人希弗髮型
40870,40870,unchanged,黑色華麗機器人安柏髮型
40880,40880,unchanged,黑色華麗機器人艾波麗髮型
40890,40890,unchanged,黑色華麗機器人托弗髮型
40900,40900,unchanged,黑色華麗機器人史嘉莉髮型
40910,40910,unchanged,黑色華麗機器人波隆茲髮型
40920,40920,unchanged,黑色華麗機器人京傑髮型
40930,40930,unchanged,黑色奶茶髮型
40940,40940,unchanged,黑色順柔中分髮型
40950,40950,unchanged,黑色單邊馬尾髮型
40960,40960,unchanged,黑色龍魔島士髮型
40970,40970,unchanged,黑色大蝴蝶結髮型
40980,40980,unchanged,黑色脫色馬尾髮型
41000,41000,unchanged,黑色妖精王造型(女)
41010,41010,unchanged,黑色黑人微捲造型(女)
41020,41020,unchanged,黑色尖刺龐克造型(女)
41030,41030,unchanged,黑色馬卡龍造型(女)
41040,41040,unchanged,黑色浪漫巴黎造型(女)
41050,41050,unchanged,黑色千鈞一髮造型(女)
41060,41060,unchanged,黑色自由造形
41070,41070,unchanged,黑色精練造形
41080,41080,unchanged,黑色郊遊少女髮型
41090,41090,unchanged,黑色做作髮型
41100,41100,unchanged,黑色小蘭造形
41110,41110,unchanged,黑色光澤造形
41120,41120,unchanged,黑色卡門造形
41140,41140,unchanged,黑色黑夜髮型
41150,41150,unchanged,黑色悠娜造形
41160,41160,unchanged,黑色時之國愛麗斯造形
41170,41170,unchanged,黑色陰陽宗造型
41180,41180,unchanged,黑色陰陽道造型
41200,41200,unchanged,黑色浪漫少女髮型
41220,41220,unchanged,黑色鄉村髮型
41230,41230,unchanged,黑色黑海造型
41240,41240,unchanged,黑色那因哈特造型
41250,41250,unchanged,黑色飛翹年輕造型
41260,41260,unchanged,黑色藝術氣息造型
41270,41270,unchanged,黑色酷帥逆風造型
41280,41280,unchanged,黑色隨風飛舞造型
41290,41290,unchanged,黑色蜜糖男孩造型
41300,41300,unchanged,黑色瑪哈造型
41310,41310,unchanged,黑色染尾亂捲造型
41320,41320,unchanged,黑色層次散羽造型
41330,41330,unchanged,黑色橡果造型
41340,41340,unchanged,黑色威震天造型
41350,41350,unchanged,黑色後編髮造型
41360,41360,unchanged,黑色布萊爾小姐髮型
41370,41370,unchanged,黑色精靈遊俠髮型
41380,41380,unchanged,黑色狂狼勇士髮型
41390,41390,unchanged,黑色憤怒狂野髮型
41400,41400,unchanged,黑色單純可愛髮型
41440,41440,unchanged,黑色阿羅瑪髮型
41470,41470,unchanged,黑色柔軟光潔髮型
41480,41480,unchanged,黑色龍魔導士髮型
41490,41490,unchanged,黑色隱月髮型
41510,41510,unchanged,黑色幻影俠盜髮型
41520,41520,unchanged,黑色夜光的髮型
41530,41530,unchanged,黑色菖蒲髮型
41560,41560,unchanged,黑色愛麗西亞髮型
41570,41570,unchanged,黑色森林之精靈
41580,41580,unchanged,黑色塔樓公主造型
41590,41590,unchanged,黑色愛情髮型
41600,41600,unchanged,黑色佛羅倫斯髮型
41610,41610,unchanged,黑色希亞造型
41620,41620,unchanged,黑色哈琳造型
41630,41630,unchanged,黑色悠莉造型
41640,41640,unchanged,黑色黑翅造型
41650,41650,unchanged,黑色狐耳造型
41660,41660,unchanged,黑色長雙馬尾女生造型
41670,41670,unchanged,黑色天國的翅膀髮型
41680,41680,unchanged,黑色蝴蝶結髮型
41690,41690,unchanged,黑色長髮
41700,41700,unchanged,黑色幽靈偶像髮型
41710,41710,unchanged,黑色清爽大捲髮型
41720,41720,unchanged,黑色青嵐髮型
41730,41730,unchanged,黑色優雅 髮型
41740,41740,unchanged,黑色天上佳人髮型
41750,41750,unchanged,黑色上學髮型
41760,41760,unchanged,黑色河童髮型
41770,41770,unchanged,黑色天真爛漫髮型
41780,41780,unchanged,黑色女神髮型
41790,41790,unchanged,黑色編織髮型
41800,41800,unchanged,黑色頭巾髮型
41810,41810,unchanged,黑色夢布朗髮型
41820,41820,unchanged,黑色布丁髮型
41830,41830,unchanged,黑色秀髮型
41840,41840,unchanged,黑色派伊髮型
41850,41850,unchanged,黑色染髮造型
41860,41860,unchanged,黑色露希妲髮型
41870,41870,unchanged,黑色美鼠髮型
41880,41880,unchanged,黑色珊德拉髮型
41890,41890,unchanged,黑色蝴蝶髮型
41900,41900,unchanged,黑色編髮雙馬尾
41910,41910,unchanged,黑色青春期少女髮型
41920,41920,unchanged,黑色球球髮型
41930,41930,unchanged,黑色浪漫愛心髮型
41940,41940,unchanged,黑色面試髮型
41950,41950,unchanged,黑色愛戴爾髮型
41960,41960,unchanged,黑色短劉海髮
41970,41970,unchanged,黑色可愛短髮
41980,41980,unchanged,黑色貴賓狗
41990,41990,unchanged,黑色逗號造型
42000,42000,unchanged,黑色半月刀髮型
42010,42010,unchanged,黑色豎琴髮型
42020,42020,unchanged,黑色平八髮型
42030,42030,unchanged,黑色只有一半髮型
42040,42040,unchanged,黑色帽子髮型
42050,42050,unchanged,黑色老爺爺髮型
42080,42080,unchanged,黑色緋紅之心髮型
42090,42090,unchanged,黑色可羅娜髮型
42100,42100,unchanged,发型 42100
42110,42110,unchanged,黑色奈羅肯髮型
42120,42120,unchanged,黑色珍博士髮型
42150,42150,unchanged,黑色橄欖造型
42160,42160,unchanged,黑色天空造型
42220,42220,unchanged,和真髮型
42230,42230,unchanged,阿克婭髮型
42240,42240,unchanged,達克妮絲髮型
42250,42250,unchanged,芸芸髮型
42260,42260,unchanged,維茲髮型
42270,42270,unchanged,黑色傑利麥勒髮型
42280,42280,unchanged,炭治郎髮型
42290,42290,unchanged,善逸髮型
42300,42300,unchanged,義勇髮型
42310,42310,unchanged,杏壽郎髮型
42320,42320,unchanged,天元髮型
42330,42330,unchanged,無慘髮型
42340,42340,unchanged,無一郎髮型
42350,42350,unchanged,禰豆子髮型
42360,42360,unchanged,忍髮型
42370,42370,unchanged,香奈乎髮型
42380,42380,unchanged,黑色殺人鯨髮型
42390,42390,unchanged,黑色Boss梅格耐斯髮型
42400,42400,unchanged,黑色Boss阿卡伊農髮型
42410,42410,unchanged,黑色Boss黑暗西格諾斯髮型
42420,42420,unchanged,黑色Boss戴米安髮型
42430,42430,unchanged,黑色Boss威爾髮型
42440,42440,unchanged,黑色Boss真‧希拉髮型
42450,42450,unchanged,黑色Boss頓凱爾髮型
42460,42460,unchanged,黑色Boss黑魔法師髮型
42470,42470,unchanged,黑色Boss賽蓮髮型
42480,42480,unchanged,黑色Boss咖凌髮型
42490,42490,unchanged,黑色一無所有髮型
42500,42500,unchanged,黑色刺蝟髮型
42510,42510,unchanged,黑色按鈕髮型
42520,42520,unchanged,黑色黑木耳髮型
42530,42530,unchanged,黑色穩重髮型
42540,42540,unchanged,芙莉蓮髮型
42550,42550,unchanged,芙莉蓮髮型(睡衣)
42560,42560,unchanged,芙莉蓮豎捲髮髮型
42570,42570,unchanged,費倫髮型券
42580,42580,unchanged,修塔爾克髮型
42590,42590,unchanged,欣梅爾髮型券
42600,42600,unchanged,尤貝爾髮型券
42610,42610,unchanged,埼玉髮型
42620,42620,unchanged,埼玉(求職中)髮型
42630,42630,unchanged,傑諾斯髮型
42640,42640,unchanged,戰慄的龍卷髮型
42650,42650,unchanged,地獄的吹雪髮型
42660,42660,unchanged,KING髮型
42670,42670,unchanged,音速的索尼克髮型
42680,42680,unchanged,閃光弗拉休髮型
42690,42690,unchanged,餓狼髮型
42700,42700,unchanged,SD戰慄的龍卷髮型
42710,42710,unchanged,黑色時間流浪者髮型券
42720,42720,unchanged,黑色燦爛的凶星髮型
42730,42730,unchanged,黑色尤比太髮型
43000,43000,unchanged,黑色威爾髮型
43010,43010,unchanged,黑色粉彩哥德
43020,43020,unchanged,黑色韓風空氣捲髮型
43030,43030,unchanged,黑色露查莉亞頭
43040,43040,unchanged,黑色捲燙髮結造型
43050,43050,unchanged,黑色高綁造型
43060,43060,unchanged,黑色隨興吹整造型
43070,43070,unchanged,黑色雙色髮辮造型
43080,43080,unchanged,黑色馬奧奈特造型
43090,43090,unchanged,黑色小僮雙紮造型
43100,43100,unchanged,黑色高馬尾造型
43110,43110,unchanged,黑色優雅中分造型
43120,43120,unchanged,黑色玫瑰髮型
43130,43130,unchanged,黑色撒嬌綁法髮型
43140,43140,unchanged,黑色立刻上學髮型
43150,43150,unchanged,黑色提琴髮型
43160,43160,unchanged,黑色濃密頭
43170,43170,unchanged,黑色正規雷普髮型
43180,43180,unchanged,黑色街頭龐克髮型
43190,43190,unchanged,黑色偶像光頭
43200,43200,unchanged,黑色菁英西裝頭
43210,43210,unchanged,黑色可愛蘑菇髮型
43220,43220,unchanged,黑色德古拉伯爵髮型
43230,43230,unchanged,黑色不良學生髮型
43240,43240,unchanged,黑色淘氣鬼髮型
43250,43250,unchanged,黑色瀏海異色髮型
43280,43280,unchanged,黑色逗號髮型
43290,43290,unchanged,黑色白晝髮型
43300,43300,unchanged,黑色白晝濃霧髮型
43310,43310,unchanged,黑色波東髮型
43320,43320,unchanged,黑色守護髮型
43330,43330,unchanged,黑色米勒造型
43340,43340,unchanged,黑色小王子髮型
43350,43350,unchanged,黑色捲毛髮型
43410,43410,unchanged,黑色花穗髮型
43420,43420,unchanged,黑色卡蒂娜風格髮型
43430,43430,unchanged,黑色亞當髮型
43440,43440,unchanged,渚薰髮型
43450,43450,unchanged,碇真嗣髮型
43460,43460,unchanged,黑色清湯掛麵造型
43470,43470,unchanged,黑色超長波浪造型
43480,43480,unchanged,黑色做作髮型
43490,43490,unchanged,黑色澎澎小啾造型
43500,43500,unchanged,黑色消音造型
43510,43510,unchanged,黑色愛情暗示造型
43520,43520,unchanged,黑色蓬鬆髮辮造型
43530,43530,unchanged,黑色圈圈髮尾造型
43540,43540,unchanged,黑色濃密澎澎造型
43550,43550,unchanged,黑色隨風飄逸造型
43560,43560,unchanged,黑色糖果造型
43570,43570,unchanged,黑色短捲髮造型
43580,43580,unchanged,黑色短中分造型
43590,43590,unchanged,黑色髮根染色髮型
43600,43600,unchanged,黑色狼剪髮
43610,43610,unchanged,黑色面試髮型
43620,43620,unchanged,黑色個人風格髮型
43630,43630,unchanged,黑色漂染短髮造型
43640,43640,unchanged,黑色棉花糖果造型
43650,43650,unchanged,黑色小啾啾造型
43660,43660,unchanged,黑色切斯造型
43670,43670,unchanged,黑色嬉皮公主髮型 (男)
43680,43680,unchanged,黑色月兔髮型 (男)
43690,43690,unchanged,黑色斑斑髮型 (男)
43700,43700,unchanged,黑色樂溫造型
43730,43730,unchanged,黑色春節插畫(伊利恩)髮型
43740,43740,unchanged,黑色男友髮型
43750,43750,unchanged,黑色達溫髮型
43760,43760,unchanged,黑色若隱若現髮型
43770,43770,unchanged,黑色月靈髮型
43780,43780,unchanged,黑色葡萄味髮型
43790,43790,unchanged,黑色柔順髮型
43800,43800,unchanged,黑色俐落丹迪髮型
43810,43810,unchanged,黑色閃亮守護髮型
43820,43820,unchanged,黑色埃伯爾髮型
43830,43830,unchanged,黑色夏日風格髮型
43840,43840,unchanged,黑色小櫻髮型
43850,43850,unchanged,黑色小狼髮型
43860,43860,unchanged,黑色知世髮型
43870,43870,unchanged,黑色初夏故事髮型
43880,43880,unchanged,黑色髮夾短髮髮型
43890,43890,unchanged,黑色我們的銀河髮型
43900,43900,unchanged,褐色風車髮型
43910,43910,unchanged,黑色氣質髮型
43920,43920,unchanged,黑色冷漠髮型
43930,43930,unchanged,黑色糖果頭
43940,43940,unchanged,黑色蝴蝶結髮型
43950,43950,unchanged,黑色優雅女皇造型
43960,43960,unchanged,黑色側綁造型
43970,43970,unchanged,黑色紫丁香造型
43980,43980,unchanged,黑色俏麗包包頭造型
43990,43990,unchanged,黑色最後一根髮髮型
44000,44000,unchanged,黑色開朗捲捲造型
44010,44010,unchanged,黑色糖果少女髮型
44020,44020,unchanged,黑色異國風髮型
44030,44030,unchanged,黑色清純女學生
44040,44040,unchanged,黑色華麗機器人瑪倫髮型
44050,44050,unchanged,黑色華麗機器人希弗髮型
44060,44060,unchanged,黑色華麗機器人安柏髮型
44070,44070,unchanged,黑色華麗機器人艾波麗髮型
44080,44080,unchanged,黑色華麗機器人托弗髮型
44090,44090,unchanged,黑色華麗機器人史嘉莉髮型
44100,44100,unchanged,黑色華麗機器人波隆茲髮型
44110,44110,unchanged,黑色華麗機器人京傑髮型
44120,44120,unchanged,黑色星雲髮型
44130,44130,unchanged,黑色超萌西瓜髮型
44140,44140,unchanged,黑色妖精翅膀髮型
44150,44150,unchanged,黑色小天使髮型
44160,44160,unchanged,黑色中分微卷髮型
44170,44170,unchanged,黑色二八油頭髮型
44180,44180,unchanged,黑色戴米安髮型
44190,44190,unchanged,黑色粉彩哥德
44200,44200,unchanged,黑色冷漠髮型
44210,44210,unchanged,黑色颶風造型
44220,44220,unchanged,黑色蜜糖男孩髮型
44230,44230,unchanged,黑色金賢重造型
44240,44240,unchanged,黑色潤澤耀眼造型
44250,44250,unchanged,黑色獅子長鬃造型
44260,44260,unchanged,黑色小啾辮造型
44270,44270,unchanged,黑色酷紈子弟造型
44280,44280,unchanged,黑色復古側遮造型
44290,44290,unchanged,黑色可愛蘑菇髮型
44300,44300,unchanged,黑色玫瑰髮型
44310,44310,unchanged,黑色撒嬌妖精髮型
44320,44320,unchanged,黑色妹妹頭髮型
44330,44330,unchanged,黑色星沙髮型
44340,44340,unchanged,黑色濃密頭
44350,44350,unchanged,黑色正規雷普髮型
44360,44360,unchanged,黑色街頭龐克髮型
44370,44370,unchanged,黑色微綁髮型
44380,44380,unchanged,黑色可愛乖巧女兒髮型
44390,44390,unchanged,黑色立刻上學髮型
44400,44400,unchanged,黑色治癒的蘿莉髮型
44410,44410,unchanged,黑色不良學生髮型
44420,44420,unchanged,黑色淘氣鬼髮型
44430,44430,unchanged,黑色才氣過人長髮
44460,44460,unchanged,黑色捲毛髮型
44470,44470,unchanged,黑色雪兒髮型
44480,44480,unchanged,黑色濃霧雪兒髮型
44490,44490,unchanged,黑色散亂髮型
44500,44500,unchanged,黑色神祕髮型
44510,44510,unchanged,黑色蝴蝶舞髮型
44520,44520,unchanged,黑色造型編髮髮型
44530,44530,unchanged,黑色捲毛髮型
44590,44590,unchanged,黑色花穗髮型
44600,44600,unchanged,黑色卡蒂娜風格髮型
44610,44610,unchanged,黑色夏娃髮型
44620,44620,unchanged,明日香髮型
44630,44630,unchanged,真希波髮型
44640,44640,unchanged,綾波零髮型
44650,44650,unchanged,黑色草莓果醬髮型
44660,44660,unchanged,黑色拿鐵泡泡髮型
44670,44670,unchanged,黑色弗洛裡安髮型
44680,44680,unchanged,黑色俏皮沖天造型
44690,44690,unchanged,黑色妖精翁造型
44700,44700,unchanged,黑色綿密泡沫造型
44710,44710,unchanged,黑色孩子偵探造型
44720,44720,unchanged,黑色漂色造型
44730,44730,unchanged,黑色拉斯塔造型
44740,44740,unchanged,黑色青澀短髮造型
44750,44750,unchanged,黑色煩惱退散造型
44760,44760,unchanged,黑色復古瀏海造型
44770,44770,unchanged,黑色俏麗包包頭造型
44780,44780,unchanged,黑色短捲髮造型
44790,44790,unchanged,黑色淑女髮型
44800,44800,unchanged,黑色短中分造型
44810,44810,unchanged,黑色挑染盤髮
44820,44820,unchanged,黑色愛心瀏海雙馬尾
44830,44830,unchanged,黑色蕭瑟造型
44840,44840,unchanged,黑色楓可愛造型
44850,44850,unchanged,黑色美娜髮型
44870,44870,unchanged,黑色逗號髮型
44880,44880,unchanged,黑色幕絲髮型
44890,44890,unchanged,黑色小啾啾造型
44900,44900,unchanged,黑色水波紋造型
44910,44910,unchanged,黑色嬉皮公主髮型 (女)
44920,44920,unchanged,黑色月兔髮型 (女)
44930,44930,unchanged,黑色斑斑髮型 (女)
44940,44940,unchanged,黑色艾威伊造型
44950,44950,unchanged,黑色紅茶少女造型
44980,44980,unchanged,黑色春節插畫(卡蒂娜)髮型
44990,44990,unchanged,黑色貓耳髮型
45000,45000,unchanged,黑色彩虹髮型
45010,45010,unchanged,黑色濃霧彩虹髮型
45020,45020,unchanged,黑色少年髮型
45030,45030,unchanged,黑色較自然單邊髮型
45040,45040,unchanged,黑色齊短髮髮型
45050,45050,unchanged,黑色時尚髮型
45060,45060,unchanged,黑色騎士髮型
45070,45070,unchanged,黑色可愛髮型
45080,45080,unchanged,黑色端正的劉海髮型
45090,45090,unchanged,黑色布雷伊髮型
45100,45100,unchanged,執行者髮型
45110,45110,unchanged,諾亞髮型
45120,45120,unchanged,卡印髮型
45130,45130,unchanged,路伊髮型
45140,45140,unchanged,黑色亂蓬蓬髮型
45150,45150,unchanged,拉奇亞髮型
45160,45160,unchanged,蔓威髮型
45170,45170,unchanged,黑色妖精女王造型
45180,45180,unchanged,黑色可愛蘑菇髮型
45190,45190,unchanged,黑色波浪小紮造型
45200,45200,unchanged,黑色蘋果短髮造型
45210,45210,unchanged,黑色波希米亞造型
45220,45220,unchanged,黑色無瑕髮型
45230,45230,unchanged,黑色迷霧無瑕髮型
45240,45240,unchanged,黑色山雲髮型
45250,45250,unchanged,黑色奶油拿鐵髮型
45260,45260,unchanged,黑色萌布朗髮型
45270,45270,unchanged,黑色拉梅爾髮型
45280,45280,unchanged,黑色慕斯王髮型
45290,45290,unchanged,黑色愛斯波髮型
45300,45300,unchanged,黑色炫黑髮型
45310,45310,unchanged,黑色今天的濕度髮型
45320,45320,unchanged,黑色甜美淘氣鬼髮型
45330,45330,unchanged,黑色校園小可愛髮型
45340,45340,unchanged,黑色迷幻髮型
45350,45350,unchanged,黑色薄荷茶髮型
45360,45360,unchanged,黑色叛逆者髮型
45370,45370,unchanged,黑色公主切髮型
45380,45380,unchanged,黑色靜電髮型
45390,45390,unchanged,浪漫風格髮型
45400,45400,unchanged,有點酷髮型
45420,45420,unchanged,黑色稱霸天下髮型
45430,45430,unchanged,黑色貴公子的假日髮型
45440,45440,unchanged,黑色流星髮型
45450,45450,unchanged,吵吵鬧鬧淘氣鬼髮型
45460,45460,unchanged,黑色巧克力樹髮型
45470,45470,unchanged,黑色頂級寶貝髮型
45480,45480,unchanged,黑色九尾狐髮型
45510,45510,unchanged,黑色達西髮型
45520,45520,unchanged,黑色吟遊詩人髮型
45550,45550,unchanged,黑色稍微誇張髮型
45560,45560,unchanged,黑色濕漉漉髮型
45570,45570,unchanged,黑色孤獨城堡伯爵髮型
45580,45580,unchanged,黑色綿綿髮型
45590,45590,unchanged,黑色彩虹伯爵髮型
45600,45600,unchanged,黑色捲髮削邊髮型
45610,45610,unchanged,黑色感性男子髮型
45620,45620,unchanged,黑色莫霍克造型
45640,45640,unchanged,黑色亮光露珠髮型
45650,45650,unchanged,黑色松松髮型
45660,45660,unchanged,黑色蓬鬆凌亂卻帥氣的髮型
45670,45670,unchanged,黑色多其髮型
45680,45680,unchanged,黑色梳向一側的髮型
45690,45690,unchanged,黑色溫順髮型
45700,45700,unchanged,黑色舞蹈之王髮型
45710,45710,unchanged,黑色海綿捲髮髮型
45720,45720,unchanged,黑色鸚鵡髮型
45730,45730,unchanged,可愛自然捲髮型
45740,45740,unchanged,模範少年髮型
45750,45750,unchanged,黑色伶俐髮型
45760,45760,unchanged,黑色武士髮型
45770,45770,unchanged,黑色羅曼史髮型
45780,45780,unchanged,黑色小奶貓
45790,45790,unchanged,黑色森林系造型
45800,45800,unchanged,黑色垂耳貓髮型
45810,45810,unchanged,黑色櫻花感性髮型
45820,45820,unchanged,黑色不對稱髮型
45830,45830,unchanged,黑色長髮帥氣髮型
45840,45840,unchanged,黑色布蕾髮型
45850,45850,unchanged,黑色不良少年髮型
45860,45860,unchanged,黑色柔軟珍珠髮型
45870,45870,unchanged,黑色紅狐之緣髮型
45880,45880,unchanged,黑色毛球髮型
45890,45890,unchanged,黑色故障髮型
45900,45900,unchanged,黑色看什麼看？髮型
45910,45910,unchanged,黑色浪漫作家髮型
45920,45920,unchanged,黑色制服男神髮型
45930,45930,unchanged,黑色達比髮型
45940,45940,unchanged,黑色艾普席隆髮型
45950,45950,unchanged,黑色森森鈴蘭髮型
45960,45960,unchanged,黑色柴崎楓音髮型
45970,45970,unchanged,黑色瑪格麗特髮型
45980,45980,unchanged,黑色放輕鬆髮型
45990,45990,unchanged,黑色包子髮型
46000,46000,unchanged,傑斯髮型
46010,46010,unchanged,馬泰奧髮型
46020,46020,unchanged,黑色狂野短髮髮型
46030,46030,unchanged,黑色泰塞髮型
46040,46040,unchanged,黑色蓬鬆浣熊髮型
46050,46050,unchanged,神祕造型
46060,46060,unchanged,黑色朱力歐造型
46070,46070,unchanged,黑色蓬鬆造型
46080,46080,unchanged,黑色黑糖造型
46090,46090,unchanged,黑色威爾造型
46100,46100,unchanged,青梅竹馬髮型
46110,46110,unchanged,冰王髮型
46140,46140,unchanged,黑色櫻花草髮型
46150,46150,unchanged,黑色小啾啾髮型
46160,46160,unchanged,黑色科莉造型
46170,46170,unchanged,黑色微卷短髮
46180,46180,unchanged,黑色潮流捲髮造型
46190,46190,unchanged,黑色整潔西裝頭造型
46200,46200,unchanged,黑色短層次瀏海髮型
46210,46210,unchanged,黑色雙色波浪染髮
46220,46220,unchanged,白色底格里斯靈魂髮型
46230,46230,unchanged,黑色白虎髮型
46240,46240,unchanged,黑色花環髮型
46250,46250,unchanged,黑色愛美造型
46260,46260,unchanged,黑色古式武者造型
46270,46270,unchanged,黑色雙辮子造型
46280,46280,unchanged,黑色寶貝少女造型
46290,46290,unchanged,黑色捲燙中造型
46300,46300,unchanged,黑色俏麗捲辮造型
46310,46310,unchanged,黑色稜鏡髮型
46320,46320,unchanged,黑色司康髮型
46330,46330,unchanged,黑色牛奶糖髮型
46340,46340,unchanged,黑色閃亮璐亞髮型
46350,46350,unchanged,黑色甜蜜之歌髮型
46360,46360,unchanged,黑色里卡多髮型
46370,46370,unchanged,黑色萬聖國王髮型
46380,46380,unchanged,黑色娃娃天使髮型
46390,46390,unchanged,黑色勝利髮型
46400,46400,unchanged,黑色時尚男友髮型
46410,46410,unchanged,黑色純真造型
46420,46420,unchanged,黑色慕斯抓髮
46430,46430,unchanged,黑色貝羅髮型
46440,46440,unchanged,黑色泰迪髮型
46450,46450,unchanged,黑色紅毯髮型
46460,46460,unchanged,黑色野獸髮型
46470,46470,unchanged,黑色西瓜皮髮型
46480,46480,unchanged,黑色貝利亞爾髮型
46490,46490,unchanged,黑色費爾造型
46500,46500,unchanged,黑色貴賓髮型
46510,46510,unchanged,黑色護目鏡髮型
46520,46520,unchanged,黑色網狀感髮型
46530,46530,unchanged,黑色波浪雷普髮型
46540,46540,unchanged,发型 46540
46550,46550,unchanged,发型 46550
46560,46560,unchanged,黑色蓋爾髮型
46570,46570,unchanged,黑色克魯瓦髮型
46580,46580,unchanged,夜晚的彩虹
46590,46590,unchanged,黑色飄逸髮型
46600,46600,unchanged,黑色迷霧飄逸髮型
46610,46610,unchanged,黑色伊薩髮型
46620,46620,unchanged,黑色莓果捲捲髮型
46630,46630,unchanged,黑色嘩啦啦髮型
46640,46640,unchanged,黑色Ｖ髮型
46650,46650,unchanged,黑色柔順造型
46660,46660,unchanged,黑色閃耀中分造型
46670,46670,unchanged,黑色休閒頭巾造型
46680,46680,unchanged,黑色強健髮型
46690,46690,unchanged,黑色棉花造型
46700,46700,unchanged,黑色蓬鬆微捲造型
46710,46710,unchanged,深黑色迷途髮型
46720,46720,unchanged,黑色束髮造型
46730,46730,unchanged,黑色脆麵髮型
46740,46740,unchanged,黑色獨愛自我髮型
46750,46750,unchanged,黑色長髮髮型
46760,46760,unchanged,黑色閃亮男孩髮型
46770,46770,unchanged,黑色閃亮逗號髮型
46780,46780,unchanged,深黑色蓬鬆髮型
46790,46790,unchanged,黑色美好細髮
46800,46800,unchanged,黑色薄荷髮型
46810,46810,unchanged,黑色納莫髮型
46820,46820,unchanged,黑瑪瑙髮型
46830,46830,unchanged,黑色層次髮型
46840,46840,unchanged,黑色有型短髮
46850,46850,unchanged,黑色拉米短髮
46860,46860,unchanged,黑色翹鬍子髮型
46870,46870,unchanged,黑色旁分瀏海
46880,46880,unchanged,黑色柔光髮型
46890,46890,unchanged,黑色秀麗髮型
46900,46900,unchanged,黑色帥氣主義髮型
46910,46910,unchanged,黑色颱風髮型
46920,46920,unchanged,黑色小心眼髮型
46930,46930,unchanged,黑色少年漫畫髮型
46940,46940,unchanged,黑色閃耀動感髮型
46950,46950,unchanged,黑色瀏海拼色造型
46960,46960,unchanged,黑色宅男髮型
46970,46970,unchanged,黑色魅惑髮型
46980,46980,unchanged,黑色迷霧魅惑髮型
46990,46990,unchanged,黑色染髮造型
47000,47000,unchanged,黑色楓之谷節慶髮型
47010,47010,unchanged,黑色月花髮型
47020,47020,unchanged,黑色圓月花髮型
47030,47030,unchanged,黑色銀雨髮型
47040,47040,unchanged,黑色星海髮型
47050,47050,unchanged,黑色夏日雙馬尾
47060,47060,unchanged,黑色空氣感編髮
47070,47070,unchanged,黑色月見髮型
47080,47080,unchanged,黑色天使環髮型
47090,47090,unchanged,黑色閃耀神祕髮型
47100,47100,unchanged,黑色單邊綁髮造型
47110,47110,unchanged,黑色短髮探戈髮型
47120,47120,unchanged,黑色小櫻髮型
47130,47130,unchanged,黑色小狼髮型
47140,47140,unchanged,黑色知世髮型
47150,47150,unchanged,黑色初夏故事髮型
47160,47160,unchanged,黑色髮夾短髮髮型
47170,47170,unchanged,黑色我們的銀河髮型
47180,47180,unchanged,黑色閃亮髮型
47190,47190,unchanged,黑色雲朵髮型
47200,47200,unchanged,黑色雪花層次造型
47210,47210,unchanged,黑色藍迪造型
47220,47220,unchanged,黑色擴散鬃毛造型
47230,47230,unchanged,黑色蓋頭蓋臉造型
47240,47240,unchanged,黑色自然短髮造型
47250,47250,unchanged,黑色陽光小尾造型
47260,47260,unchanged,黑色米勒造型
47270,47270,unchanged,黑色艾羅迪髮型
47280,47280,unchanged,黑色濃霧艾羅迪髮型
47290,47290,unchanged,黑色甜美微彎髮型
47300,47300,unchanged,黑色雙編織髮型
47310,47310,unchanged,黑色真‧希拉髮型
47320,47320,unchanged,黑色聯盟司令官西格諾斯髮型
47330,47330,unchanged,黑色齊短髮髮型
47340,47340,unchanged,黑色蓬蓬頭髮型
47350,47350,unchanged,黑色羅西髮型
47360,47360,unchanged,黑色包子頭髮型
47370,47370,unchanged,黑色值星髮型
47380,47380,unchanged,黑色浪漫閃爍髮型
47390,47390,unchanged,黑色彈力波浪髮型
47400,47400,unchanged,冷酷短髮髮型
47410,47410,unchanged,鬆軟麻花髮型
47420,47420,unchanged,拉恩髮型
47430,47430,unchanged,鬆軟甜蜜雲朵髮型
47440,47440,unchanged,黑色亂蓬蓬髮型
47450,47450,unchanged,黑色夏樂髮型
47460,47460,unchanged,邁樂倫髮型
47470,47470,unchanged,黑色妖精王造型
47480,47480,unchanged,黑色染髮造型
47490,47490,unchanged,黑色浪漫少年髮型
47500,47500,unchanged,黑色蜜糖男孩髮型
47510,47510,unchanged,黑色波麥德造形
47520,47520,unchanged,黑色狂野長馬尾髮型
47530,47530,unchanged,黑色秀麗髮型
47540,47540,unchanged,黑色迷霧秀麗髮型
47550,47550,unchanged,黑色小莓果髮型
47560,47560,unchanged,黑色閃亮柔順絲滑髮型
47570,47570,unchanged,黑色中長神祕髮型
47580,47580,unchanged,黑色微捲波浪髮型
47590,47590,unchanged,黑色挑染髮型
47600,47600,unchanged,黑色玻璃長髮
47610,47610,unchanged,黑色神祕雙色長髮
47620,47620,unchanged,黑色雪花馬尾髮型
47630,47630,unchanged,黑色乳酪球髮型
47640,47640,unchanged,黑色泡泡馬尾髮型
47650,47650,unchanged,黑色銀河髮型
47660,47660,unchanged,黑色斗娜髮型
47670,47670,unchanged,黑色仙女長髮
47680,47680,unchanged,黑色清秀長髮
47690,47690,unchanged,黑色德爾芬髮型
47700,47700,unchanged,黑色俏鬍子髮型
47710,47710,unchanged,黑色番茄髮型
47720,47720,unchanged,黑色最後一根髮髮型
47730,47730,unchanged,黑色勿忘草髮型
47740,47740,unchanged,黑色優雅女神髮型
47750,47750,unchanged,黑色柔和髮型
47760,47760,unchanged,黑色露露髮型
47770,47770,unchanged,黑色小丫頭髮型
47780,47780,unchanged,黑色愛斯波髮型
47790,47790,unchanged,黑色硬派黑髮型
47800,47800,unchanged,黑色今天的濕度髮型
47820,47820,unchanged,黑色獸耳娘髮型
47830,47830,unchanged,黑色艾倫髮型
47840,47840,unchanged,黑色短雙編髮髮型
47860,47860,unchanged,黑色甜美淘氣鬼髮型
47870,47870,unchanged,黑色清爽捲髮髮型
47880,47880,unchanged,黑色輕盈波浪髮型
47890,47890,unchanged,黑色校園小可愛髮型
47900,47900,unchanged,黑色薄荷茶髮型
47910,47910,unchanged,黑色高冷雙辮子編織髮型
47920,47920,unchanged,黑色蝴蝶結裝飾波浪捲髮型
47930,47930,unchanged,黑色花花貴賓狗髮型
47940,47940,unchanged,黑色克洛伊玩偶髮型
47950,47950,unchanged,浪漫風格髮型
47960,47960,unchanged,墨花少女髮型
47970,47970,unchanged,黑色咖啡麵包髮型
47980,47980,unchanged,黑色喵喵髮型
47990,47990,unchanged,黑色九尾狐髮型
48000,48000,unchanged,玻妮塔髮型
48010,48010,unchanged,小薇安髮型
48020,48020,unchanged,黑色文靜髮型
48030,48030,unchanged,黑色溫暖浣熊髮型
48040,48040,unchanged,拉娜造型
48050,48050,unchanged,黑色朱力亞造型
48060,48060,unchanged,黑色普林造型
48070,48070,unchanged,黑色水果造型
48080,48080,unchanged,黑色黑雪糖造型
48090,48090,unchanged,青梅竹馬髮型
48100,48100,unchanged,帥氣短髮髮型
48130,48130,unchanged,黑色老爺爺髮型
48140,48140,unchanged,黑色氣質髮型
48150,48150,unchanged,黑色蛋捲瀏海復古髮型
48160,48160,unchanged,黑色糖果之星髮型
48170,48170,unchanged,黑色考試週蘋果頭造型
48180,48180,unchanged,黑色海蓮娜頭造型
48190,48190,unchanged,黑色短編織髮型
48200,48200,unchanged,黑色開拓者髮型
48210,48210,unchanged,白色底格里斯靈魂髮型
48220,48220,unchanged,黑色羅潔塔髮型
48230,48230,unchanged,黑色帥氣短髮髮型
48240,48240,unchanged,黑色兒童髮型
48250,48250,unchanged,黑色夢幻夜曲造型
48260,48260,unchanged,黑色迪倫頭
48270,48270,unchanged,黑色艾爾文造型
48280,48280,unchanged,黑色基本冒險造型
48290,48290,unchanged,黑色栗子頭造型
48300,48300,unchanged,黑色衝天翼造型
48310,48310,unchanged,黑色逗點瀏海髮型(短）
48320,48320,unchanged,黑色水果糖髮型
48330,48330,unchanged,黑色貝果髮型
48340,48340,unchanged,黑色出遊髮型
48350,48350,unchanged,黑色閃亮文靜髮型
48360,48360,unchanged,黑色清爽上學髮型
48370,48370,unchanged,黑色長棉花髮型
48380,48380,unchanged,黑色棉花髮型
48390,48390,unchanged,黑色公主馬尾髮型
48400,48400,unchanged,黑色蓓莉娜髮型
48410,48410,unchanged,黑色賽蓮髮型
48430,48430,unchanged,黑色幽靡髮型
48440,48440,unchanged,黑色娃娃天使髮型
48450,48450,unchanged,黑色公主姬髮型
48460,48460,unchanged,黑色馬蒂娜髮型
48470,48470,unchanged,黑色豁達少女髮型
48480,48480,unchanged,黑色夢幻造型
48490,48490,unchanged,黑色慕斯燙髮
48500,48500,unchanged,黑色月石髮型
48510,48510,unchanged,黑色艾拉髮型
48520,48520,unchanged,黑色露娜髮型
48530,48530,unchanged,黑色鷹嘴豆髮型
48540,48540,unchanged,黑色甜甜莓果髮型
48550,48550,unchanged,黑色果汁爆發髮型
48560,48560,unchanged,黑色珠露花朵髮型
48570,48570,unchanged,黑色珠露星星髮型
48580,48580,unchanged,黑色西瓜皮髮型
48590,48590,unchanged,黑色貝利亞爾髮型
48600,48600,unchanged,黑色尖角短髮髮型
48610,48610,unchanged,黑色琳髮型
48620,48620,unchanged,黑色蓬鬆鮑伯髮型
48630,48630,unchanged,黑色泡泡雙馬尾髮型
48640,48640,unchanged,黑色魔法艾拉髮型
48650,48650,unchanged,黑色半邊鷹嘴豆髮型
48660,48660,unchanged,黑色自然雷普髮型
48670,48670,unchanged,发型 48670
48680,48680,unchanged,发型 48680
48690,48690,unchanged,发型 48690
48700,48700,unchanged,黑色亮晶晶髮型
48710,48710,unchanged,黑色彈力逗號短髮髮型
48720,48720,unchanged,夜晚的艾羅迪
48730,48730,unchanged,黑色亮澤髮型
48740,48740,unchanged,黑色迷霧亮澤髮型
48750,48750,unchanged,黑色拉尼亞髮型
48760,48760,unchanged,黑色狄翁髮型
48770,48770,unchanged,黑色圖書館風髮型
48780,48780,unchanged,黃色短翹造型
48790,48790,unchanged,黑色姬髮式馬尾髮型
48800,48800,unchanged,黑色稚氣髮型
48810,48810,unchanged,黑色柔情造型
48820,48820,unchanged,黑色休閒頭巾造型
48830,48830,unchanged,黑色瑪莉髮型
48840,48840,unchanged,黑色蓬鬆造型
48850,48850,unchanged,黑色蓬鬆微捲造型
48860,48860,unchanged,黑色束髮造型
48870,48870,unchanged,黑色祕密髮型
48880,48880,unchanged,黑色獨愛自我髮型
48890,48890,unchanged,黑色輕飄短髮髮型
48900,48900,unchanged,黑色漫畫瀏海長髮造型
48910,48910,unchanged,黑色平整髮型
48920,48920,unchanged,黑色星世界少女髮型
48930,48930,unchanged,黑色性感短髮造型
48940,48940,unchanged,黑色瀏海拼色造型
48950,48950,unchanged,黑色Hello Baby髮型
48960,48960,unchanged,黑色飄逸髮型
48970,48970,unchanged,黑色迷霧飄逸髮型
48980,48980,unchanged,黑色夕陽髮型
48990,48990,unchanged,黑色刺客髮型
60000,60000,unchanged,黑色刺客髮型
60010,60010,unchanged,黑色霧短髮型
60020,60020,unchanged,黑色帥氣小子髮型
60030,60030,unchanged,黑色分線盤髮
60040,60040,unchanged,黑色浪貓髮型
60050,60050,unchanged,黑色豪傑髮型
60060,60060,unchanged,黑色旋律髮型
60070,60070,unchanged,黑色清爽露希妲髮型
60080,60080,unchanged,黑色粗石髮型
60090,60090,unchanged,黑色強勢髮型
60100,60100,unchanged,黑色純白髮型
60110,60110,unchanged,黑色麝香葡萄髮型
60120,60120,unchanged,黑色強烈抓髮髮型
60130,60130,unchanged,黑色閃亮妖精翅膀髮型
60140,60140,unchanged,黑色小丫頭髮型
60150,60150,unchanged,黑色微捲波浪髮型
60160,60160,unchanged,黑色自然珍珠髮型
60170,60170,unchanged,黑色閃亮拉恩髮型
60180,60180,unchanged,黑色自然鏡面髮型
60190,60190,unchanged,黑色捲捲雲髮型
60200,60200,unchanged,黑色拉夢髮型
60210,60210,unchanged,黑色霧面拉夢髮型
60220,60220,unchanged,黑色水靈髮型
60230,60230,unchanged,黑色俐落剪髮型
60240,60240,unchanged,黑色信號髮型
60250,60250,unchanged,黑色情書髮型髮型
60260,60260,unchanged,黑色海豚髮型
60270,60270,unchanged,黑色華麗光髮型
60280,60280,unchanged,黑色奪目髮型
60290,60290,unchanged,黑色祕密色澤髮型
60300,60300,unchanged,黑色記憶髮型
60310,60310,unchanged,黑色寧靜髮型
60320,60320,unchanged,黑色焦糖造型
60330,60330,unchanged,黑色腰果髮型
60340,60340,unchanged,黑色森林髮型
60350,60350,unchanged,黑色圓型禿髮型
60360,60360,unchanged,黑色蓬鬆蒲公英種子髮型
60370,60370,unchanged,黑色觸角髮型
60380,60380,unchanged,黑色陽光下髮型
60390,60390,unchanged,黑色搗蛋鬼髮型
60400,60400,unchanged,黑色星光照耀髮型
60420,60420,unchanged,黑色山茶花髮型
60430,60430,unchanged,黑色鈴蘭髮型
60440,60440,unchanged,黑色賽雷特髮型
60450,60450,unchanged,黑色拉賓髮型
60460,60460,unchanged,黑色精靈髮型
60470,60470,unchanged,黑色彩霞髮型
60480,60480,unchanged,黑色中央髮型
60490,60490,unchanged,黑色逗號瀏海髮型
60500,60500,unchanged,黑色你的滿天星髮型
60510,60510,unchanged,黑色利西安髮型
60520,60520,unchanged,黑色西林髮型
60530,60530,unchanged,黑色傑隆髮型
60540,60540,unchanged,黑色新倫多髮型
60550,60550,unchanged,黑色新德斯髮型
60580,60580,unchanged,黑色乳酪球髮型
60590,60590,unchanged,黑色亞倫髮型
60600,60600,unchanged,黑色迷霧亞倫髮型
60610,60610,unchanged,黑色閃耀層次髮型
60620,60620,unchanged,黑色微捲髮型
60630,60630,unchanged,黑色元氣髮型
60640,60640,unchanged,黑色野餐髮型
60650,60650,unchanged,黑色鷹眼髮型
60660,60660,unchanged,黑色神祕髮型
60670,60670,unchanged,黑色泡泡馬尾髮型
60680,60680,unchanged,黑色立克髮型
60720,60720,unchanged,黑色利德髮型
60730,60730,unchanged,黑色閃亮布雷伊髮型
60740,60740,unchanged,黑色湖水髮型
60750,60750,unchanged,黑色Selfy花香愛情髮型
60760,60760,unchanged,黑色Selfy期待慶典髮型
60770,60770,unchanged,黑色Selfy中長波浪髮型
60780,60780,unchanged,黑色Selfy強力大捲髮型
60790,60790,unchanged,黑色Selfy紅心童話髮型
60800,60800,unchanged,黑色Selfy閃耀髮型
60810,60810,unchanged,黑色毛毛球髮型
60820,60820,unchanged,黑色黑雪糖造型
60830,60830,unchanged,黑色正式微捲髮型
60840,60840,unchanged,黑色蝴蝶髮型
60850,60850,unchanged,黑色愛心瀏海雙馬尾
60860,60860,unchanged,黑色天線髮捲造型
60870,60870,unchanged,黑色里耶髮型
60880,60880,unchanged,黑色BLINK髮型
60890,60890,unchanged,黑色漂浮髮型
60900,60900,unchanged,黑色賽倫髮型
60910,60910,unchanged,黑色迷霧賽倫髮型
60920,60920,unchanged,黑色亮白陽光髮型
60930,60930,unchanged,黑色夢遊音符髮型
60940,60940,unchanged,黑色神祕鮑伯髮型
60950,60950,unchanged,黑色寧靜髮型
60960,60960,unchanged,黑色柔和髮型
60970,60970,unchanged,黑色晚霞髮型
60980,60980,unchanged,黑色剪影髮型
60990,60990,unchanged,黑色葉片髮型
61000,61000,unchanged,黑色線條感側捲髮髮型
61010,61010,unchanged,黑色自然馬尾辮子髮型
61020,61020,unchanged,黑色秋天女子髮型
61030,61030,unchanged,黑色織髮造型
61040,61040,unchanged,黑色豪傑髮型
61050,61050,unchanged,黑色旋律髮型
61060,61060,unchanged,黑色清爽露希妲髮型
61070,61070,unchanged,黑色欣蒂髮型
61080,61080,unchanged,黑色酸甜髮型
61090,61090,unchanged,黑色殘月髮型
61100,61100,unchanged,黑色捲捲雙馬尾髮型
61110,61110,unchanged,黑色滑順短髮髮型
61120,61120,unchanged,黑色閃亮優雅女神髮型
61130,61130,unchanged,黑色蓬鬆自然捲髮型
61140,61140,unchanged,黑色閃亮男孩髮型
61150,61150,unchanged,黑色霧面泡泡髮型
61160,61160,unchanged,黑色清爽雙包頭髮型
61170,61170,unchanged,黑色側馬尾星雲髮型
61180,61180,unchanged,黑色捲捲雲髮型
61190,61190,unchanged,黑色拉里艾髮型
61200,61200,unchanged,黑色霧面拉里艾髮型
61210,61210,unchanged,黑色肯獺髮型
61220,61220,unchanged,黑色淡薄髮型
61230,61230,unchanged,黑色綜合症髮型
61240,61240,unchanged,黑色情書髮型髮型
61250,61250,unchanged,黑色漸層平瀏海髮型
61260,61260,unchanged,黑色貝洛特髮型
61270,61270,unchanged,黑色純淨棉髮型
61280,61280,unchanged,黑色瑪德蓮髮型
61290,61290,unchanged,黑色清爽短髮髮型
61300,61300,unchanged,黑色冰茶髮型
61310,61310,unchanged,黑色早晨散步髮型
61320,61320,unchanged,黑色雙包頭髮型
61330,61330,unchanged,黑色白日夢髮型
61340,61340,unchanged,黑色莓果堅果髮型
61350,61350,unchanged,黑色小清新髮型
61360,61360,unchanged,黑色水彩畫髮型
61370,61370,unchanged,黑色日常雙辮髮型
61380,61380,unchanged,黑色完美風格髮型
61390,61390,unchanged,黑色黑森林髮型
61400,61400,unchanged,黑色祕密色澤髮型
61410,61410,unchanged,黑色繽紛糖果髮型
61420,61420,unchanged,黑色甜美可愛髮型
61430,61430,unchanged,黑色柑橘茶髮型
61440,61440,unchanged,深色雷本髮型
61450,61450,unchanged,青春永駐髮型
61460,61460,unchanged,黑色包包頭髮型
61470,61470,unchanged,黑色蓬鬆蒲公英種子髮型
61480,61480,unchanged,黑色觸角髮型
61490,61490,unchanged,黑色月光下髮型
61500,61500,unchanged,黑色活潑好動髮型
61510,61510,unchanged,黑色星光照耀髮型
61520,61520,unchanged,黑色達莉髮型
61530,61530,unchanged,黑色撲通撲通初戀髮型
61550,61550,unchanged,黑色梅花髮型
61560,61560,unchanged,黑色鈴蘭髮型
61570,61570,unchanged,黑色賽雷娜髮型
61580,61580,unchanged,黑色拉蘿絲髮型
61590,61590,unchanged,黑色精靈髮型
61630,61630,unchanged,黑色綵花髮型
61640,61640,unchanged,发型 61640
61650,61650,unchanged,黑色莉莉髮型
61660,61660,unchanged,黑色世界髮型
61670,61670,unchanged,黑色短鮑伯髮型
61680,61680,unchanged,黑色我的滿天星髮型
61690,61690,unchanged,黑色萊斯里髮型
61700,61700,unchanged,黑色賽林髮型
61710,61710,unchanged,黑色纏繞繩髮型
61720,61720,unchanged,黑色可愛蹦蹦髮型
61730,61730,unchanged,黑色貝蘿妮卡髮型
61740,61740,unchanged,黑色新奧莉維亞髮型
61750,61750,unchanged,黑色美式黑人馬尾辮髮型
61760,61760,unchanged,黑色低馬尾髮型
61770,61770,unchanged,黑色短髮美式黑人髮型
61780,61780,unchanged,黑色髮捲造型
61790,61790,unchanged,黑色亮光露珠髮型
61800,61800,unchanged,黑色新糖果髮型
61830,61830,unchanged,黑色氣質髮型
61840,61840,unchanged,黑色棕乳酪髮型
61850,61850,unchanged,黑色保有捲度的短髮
61860,61860,unchanged,黑色艾梅莉髮型
61870,61870,unchanged,黑色迷霧艾梅莉髮型
61880,61880,unchanged,黑色勿忘草髮型
61890,61890,unchanged,黑色雙馬尾亂蓬蓬髮型
61900,61900,unchanged,黑色迷你愛心丸子頭
61910,61910,unchanged,黑色愛菲納髮型
61920,61920,unchanged,黑色溫順髮型
61930,61930,unchanged,黑色側綁馬尾髮型
61940,61940,unchanged,黑色元氣髮型
61950,61950,unchanged,黑色度假髮型
61960,61960,unchanged,黑色奧茲髮型
61970,61970,unchanged,黑色海綿捲髮髮型
61980,61980,unchanged,黑色乖巧雙麻花辮髮型
61990,61990,unchanged,黑色修豪髮型
63000,63000,unchanged,黑色拉維髮型
63020,63020,unchanged,黑色寧靜深夜髮型
63030,63030,unchanged,黑色貝蘿茲髮型
63040,63040,unchanged,黑色日常雙辮髮型
63050,63050,unchanged,黑色輕飄飄髮型
63060,63060,unchanged,黑色嘟嘟蘋果髮型
63070,63070,unchanged,黑色星星銀河髮型
63080,63080,unchanged,黑色瀟灑紳士髮型
63090,63090,unchanged,黑色書香髮型
63100,63100,unchanged,黑色怪物獵人髮型
63110,63110,unchanged,黑色鬆軟羊咩咩髮型
63120,63120,unchanged,黑色雅皮髮型
63130,63130,unchanged,黑色節奏髮型
63140,63140,unchanged,黑色石英髮型
63150,63150,unchanged,黑色中長神祕髮型
63160,63160,unchanged,黑色上學髮型
63180,63180,unchanged,黑色立體蓬鬆短髮
63190,63190,unchanged,黑色辮子武士髮型
63200,63200,unchanged,黑色兔兔蓬蓬髮型
63210,63210,unchanged,黑色孤狼髮型
63220,63220,unchanged,黑色未來髮型
63230,63230,unchanged,黑色溫莉髮型
63240,63240,unchanged,黑色艾爾純淨髮型
63250,63250,unchanged,黑色艾爾銀白髮型
63260,63260,unchanged,黑色高校男生髮型
63270,63270,unchanged,黑色捲捲髮型
63280,63280,unchanged,黑色嬰兒髮型
63290,63290,unchanged,黑色蕾娜髮型
63300,63300,unchanged,黑色凱伊拉髮型
63310,63310,unchanged,黑色雙邊挑染髮型
63320,63320,unchanged,黑色閃閃亮晶晶髮型
63330,63330,unchanged,黑色清爽上學髮型
63340,63340,unchanged,黑色小星星髮型
63350,63350,unchanged,黑色小星星霧感髮型
63360,63360,unchanged,黑色蓬鬆束髮造型
63370,63370,unchanged,黑色小櫻造型
63380,63380,unchanged,黑色蝴蝶側尾造型
63390,63390,unchanged,黑色惺忪妹妹造型
63400,63400,unchanged,黑色飄逸內捲造型
63410,63410,unchanged,黑色紫丁香造型
63420,63420,unchanged,黑色優質女友造型
63430,63430,unchanged,黑色森林系造型
63440,63440,unchanged,黑色消音造型
63450,63450,unchanged,黑色佛羅倫斯髮型
63460,63460,unchanged,黑色短劉海髮
63470,63470,unchanged,黑色開朗捲捲造型
63480,63480,unchanged,黑色超級油頭髮型
63490,63490,unchanged,黑色零下男子髮型
63500,63500,unchanged,黑色半梳髮型
63510,63510,unchanged,黑色繽紛挑染髮型
63520,63520,unchanged,黑色小栗子頭髮型
63530,63530,unchanged,黑色銀雨髮型
63540,63540,unchanged,黑色亞羅哈髮型
63550,63550,unchanged,黑色韋爾髮型
63560,63560,unchanged,黑色小不點髮型
63570,63570,unchanged,黑色花季髮型
63580,63580,unchanged,黑色綵花髮型
63590,63590,unchanged,黑色莉爾髮型
63600,63600,unchanged,黑色新手髮型
63610,63610,unchanged,黑色後勾髮型
63620,63620,unchanged,黑色夏伊髮型
63630,63630,unchanged,黑色第一破壞者髮型
63640,63640,unchanged,黑色粉豆髮型
63650,63650,unchanged,黑色正直髮型
63660,63660,unchanged,黑色潮流丸子頭髮型
63670,63670,unchanged,黑色傻瓜澎澎髮型
63680,63680,unchanged,黑色超熱情髮型
63690,63690,unchanged,黑色俐落男神髮型
63700,63700,unchanged,黑色鈷藍髮型
63710,63710,unchanged,黑色軟軟綿羊髮型
63720,63720,unchanged,黑色沉穩珊瑚髮型
63730,63730,unchanged,黑色午夜迷霧髮型
63740,63740,unchanged,黑色玄山髮型
63750,63750,unchanged,黑色高貴護衛武士髮型
63760,63760,unchanged,黑色小街頭老大髮型
63770,63770,unchanged,黑色年末髮型
63780,63780,unchanged,黑色絲卡蒂髮型
63790,63790,unchanged,黑色幼狼髮型
63800,63800,unchanged,黑色拉圖斯髮型
63810,63810,unchanged,黑色風之武士髮型
63820,63820,unchanged,炭治郎髮型
63830,63830,unchanged,善逸髮型
63840,63840,unchanged,義勇髮型
63850,63850,unchanged,杏壽郎髮型
63860,63860,unchanged,天元髮型
63870,63870,unchanged,無慘髮型
63880,63880,unchanged,無一郎髮型
63890,63890,unchanged,黑色菁英勇士髮型
63900,63900,unchanged,黑色蓋被被髮型
63910,63910,unchanged,黑色蓬鬆喵喵髮型
63920,63920,unchanged,黑色爆炸髮型
63930,63930,unchanged,黑色時雨髮型
63950,63950,unchanged,黑色星系髮型
63960,63960,unchanged,黑色暗星系髮型
63970,63970,unchanged,黑色書呆子髮型
63980,63980,unchanged,黑色塔羅髮型
63990,63990,unchanged,黑色書呆子黑色髮型
64000,64000,unchanged,黑色閃亮露雅造型
64010,64010,unchanged,黑色莉爾髮型
64020,64020,unchanged,可愛自然捲髮型
64030,64030,unchanged,模範少女髮型
64050,64050,unchanged,黑色貝蘿茲髮型
64060,64060,unchanged,黑色閃亮節慶髮型
64070,64070,unchanged,黑色伶俐髮型
64080,64080,unchanged,黑色武士髮型
64090,64090,unchanged,黑色楓糖髮型
64100,64100,unchanged,黑色Selfy花瓣蝴蝶結髮型
64110,64110,unchanged,黑色Selfy俏麗大耳髮型
64120,64120,unchanged,黑色Selfy巧克力鈴鐺髮型
64130,64130,unchanged,黑色Selfy雙色馬尾髮型
64140,64140,unchanged,黑色Selfy高蝴蝶結髮型
64150,64150,unchanged,黑色Selfy童話大波浪髮型
64160,64160,unchanged,黑色濛濛髮型
64170,64170,unchanged,黑色黑糖造型
64180,64180,unchanged,黑色舞后髮型
64190,64190,unchanged,黑色中二蘿莉塔髮型
64200,64200,unchanged,黑色馬尾愛菲納髮型
64210,64210,unchanged,黑色玫瑰髮型
64220,64220,unchanged,黑色泰斯造型
64230,64230,unchanged,黑色垂耳貓髮型
64240,64240,unchanged,黑色櫻花感性髮型
64250,64250,unchanged,黑色蝴蝶結辮子髮型
64260,64260,unchanged,黑色薄長雙馬尾
64270,64270,unchanged,黑色米蘭達髮型
64280,64280,unchanged,黑色午茶少女髮型
64290,64290,unchanged,黑色神祕鮑伯髮型
64300,64300,unchanged,黑色棉花糖造型
64310,64310,unchanged,黑色BLINK髮型
64320,64320,unchanged,黑色賽琳髮型
64330,64330,unchanged,黑色迷霧賽琳髮型
64340,64340,unchanged,黑色布蕾髮型
64350,64350,unchanged,黑色不良少女髮型
64360,64360,unchanged,黑色層疊式髮型
64370,64370,unchanged,黑色粗石髮型
64380,64380,unchanged,黑色紅毯髮型
64390,64390,unchanged,黑色寧靜短髮髮型
64400,64400,unchanged,黑色優爾髮型
64410,64410,unchanged,黑色紅狐之緣髮型
64420,64420,unchanged,黑色我很可愛我知道髮型
64430,64430,unchanged,黑色棉花糖髮型
64440,64440,unchanged,黑色含苞待放髮型
64450,64450,unchanged,黑色分裂髮型
64460,64460,unchanged,黑色甜美清爽的髮型
64470,64470,unchanged,黑色露比髮型
64490,64490,unchanged,黑色制服女神髮型
64500,64500,unchanged,黑色祕密編織髮型
64510,64510,unchanged,黑色清純髮夾造型
64520,64520,unchanged,黑色達米髮型
64530,64530,unchanged,黑色菈莎髮型
64540,64540,unchanged,黑色森森鈴蘭髮型
64550,64550,unchanged,黑色柴崎楓音髮型
64560,64560,unchanged,黑色瑪格麗特髮型
64570,64570,unchanged,黑色星星銀河髮型
64580,64580,unchanged,黑色啾啾奶油少女髮型
64590,64590,unchanged,黑色微亂捲捲髮型
64600,64600,unchanged,黑色網紅女神髮型
64610,64610,unchanged,黑色鬆軟羊咩咩髮型
64620,64620,unchanged,黑色波浪燙髮型
64630,64630,unchanged,黑色索倫娜髮型
64640,64640,unchanged,黑色珍珠髮型
64650,64650,unchanged,黑色自然鏡面髮型
64660,64660,unchanged,黑色純真髮型
64680,64680,unchanged,黑色碎蓋燙側馬尾髮型
64690,64690,unchanged,黑色高麗菜捲髮型
64700,64700,unchanged,黑色兔兔蓬蓬髮型
64710,64710,unchanged,黑色流蘇髮型
64720,64720,unchanged,黑色雪花髮型
64730,64730,unchanged,黑色柔軟的眼神髮型
64740,64740,unchanged,黑色凱伊拉髮型
64750,64750,unchanged,黑色蘿莉雙馬尾髮型
64760,64760,unchanged,黑色雙邊挑染雙馬尾髮型
64770,64770,unchanged,黑色閃亮亮潤彩髮型
64780,64780,unchanged,黑色閃亮亮清爽髮型
64790,64790,unchanged,黑色波東髮型
64800,64800,unchanged,黑色萬聖國王髮型
64810,64810,unchanged,黑色半熟男孩造型
64820,64820,unchanged,黑色泡泡髮型
64830,64830,unchanged,黑色兒童髮型
64840,64840,unchanged,黑色閃亮髮型
64850,64850,unchanged,黑色藍迪造型
64860,64860,unchanged,黑色蓋頭蓋臉造型
64870,64870,unchanged,黑色青澀短髮造型
64880,64880,unchanged,黑色自然短髮造型
64890,64890,unchanged,黑色擴散鬃毛造型
64900,64900,unchanged,黑色漂色造型
64910,64910,unchanged,黑色蓬蓬直豎髮型
64920,64920,unchanged,黑色蝴蝶結公主髮型
64930,64930,unchanged,黑色小不點髮型
64940,64940,unchanged,黑色花季髮型
64950,64950,unchanged,黑色蝴蝶結辮子髮型
64960,64960,unchanged,黑色彩霞髮型
64970,64970,unchanged,黑色費爾造型
64980,64980,unchanged,黑色新手髮型
64990,64990,unchanged,黑色正直馬尾髮型
65000,65000,unchanged,黑色冒險家英雄髮型
65010,65010,unchanged,黑色冒險家聖騎士髮型
65020,65020,unchanged,黑色冒險家黑騎士髮型
65030,65030,unchanged,黑色冒險家火毒髮型
65040,65040,unchanged,黑色冒險家主教髮型
65050,65050,unchanged,黑色冒險家冰雷髮型
65060,65060,unchanged,黑色冒險家箭神髮型
65070,65070,unchanged,黑色冒險家神射手髮型
65080,65080,unchanged,黑色冒險家夜使者髮型
65090,65090,unchanged,黑色冒險家影武者髮型
65100,65100,unchanged,黑色冒險家暗影神偷髮型
65110,65110,unchanged,黑色冒險家重砲指揮官髮型
65120,65120,unchanged,黑色冒險家拳霸髮型
65130,65130,unchanged,黑色冒險家槍神髮型
65140,65140,unchanged,黑色隨風飄揚的辮子髮型
65150,65150,unchanged,黑色冒險家開拓者髮型
65160,65160,unchanged,黑色海王星髮型
65170,65170,unchanged,黑色河裡花髮型
65180,65180,unchanged,黑色馬尾愛菲納髮型
65190,65190,unchanged,黑色騎士團長米哈逸髮型
65200,65200,unchanged,黑色騎士團長奧茲髮型
65210,65210,unchanged,黑色騎士團長伊麗娜髮型
65220,65220,unchanged,黑色騎士團長伊卡勒特髮型
65230,65230,unchanged,黑色騎士團長鷹眼髮型
65240,65240,unchanged,黑色策士那因哈特髮型
65250,65250,unchanged,黑色英雄狂狼勇士髮型
65260,65260,unchanged,黑色英雄隱月髮型
65270,65270,unchanged,黑色英雄龍魔導士髮型
65280,65280,unchanged,黑色英雄夜光髮型
65290,65290,unchanged,黑色英雄精靈遊俠髮型
65300,65300,unchanged,黑色英雄幻影俠盜髮型
65310,65310,unchanged,黑色騎士團聖魂劍士髮型
65320,65320,unchanged,黑色騎士團烈焰巫師髮型
65330,65330,unchanged,黑色騎士團破風使者髮型
65340,65340,unchanged,黑色騎士團暗夜行者髮型
65350,65350,unchanged,黑色騎士團閃雷悍將髮型
65360,65360,unchanged,黑色熊熊髮型
65370,65370,unchanged,黑色深邃立克髮型
65380,65380,unchanged,黑色安傑洛髮型
65390,65390,unchanged,黑色迷霧安傑洛髮型
65400,65400,unchanged,黑色夜晚安傑洛髮型
65410,65410,unchanged,黑色新光之風髮型
65420,65420,unchanged,黑色尼基髮型
65430,65430,unchanged,黑色深邃紅毯髮型
65440,65440,unchanged,黑色夢境髮型
65450,65450,unchanged,黑色中分時髦長髮
65460,65460,unchanged,黑色元氣髮型
65470,65470,unchanged,黑色清爽短髮髮型
65480,65480,unchanged,黑色閃亮色帶髮型
65490,65490,unchanged,黑色氣質長髮髮型
65500,65500,unchanged,黑色嫦娥髮型
65510,65510,unchanged,黑色開朗捲捲髮型
65520,65520,unchanged,黑色甜蜜馬尾髮型
65530,65530,unchanged,黑色便條髮型
65540,65540,unchanged,黑色糖果髮型
65550,65550,unchanged,黑色捲翹馬尾髮型
65560,65560,unchanged,黑色率性小包髮型
65570,65570,unchanged,黑色馬奧奈特髮型
65580,65580,unchanged,黑色滿滿捲髮髮蠟髮型
65590,65590,unchanged,黑色亮點髮型
65600,65600,unchanged,黑色全部向後髮型
65610,65610,unchanged,黑色魅力滿分髮型
65620,65620,unchanged,黑色伊嘟髮型
65630,65630,unchanged,黑色成熟男人髮型
65640,65640,unchanged,黑色大包頭髮型
65650,65650,unchanged,黑色流線馬尾髮型
65660,65660,unchanged,黑色典雅髮型
65670,65670,unchanged,黑色傲慢王子髮型
65700,65700,unchanged,黑色線球髮型
65710,65710,unchanged,黑色迪奧髮型
65720,65720,unchanged,黑色拉依髮型
65730,65730,unchanged,黑色運動皇帝髮型
65740,65740,unchanged,黑色孤獨男子髮型
65750,65750,unchanged,黑色黎可髮型
65760,65760,unchanged,黑色黑髮寧靜髮型
65770,65770,unchanged,黑色黑髮紅毯髮型
65780,65780,unchanged,黑色黑髮節奏髮型
65790,65790,unchanged,黑色黑髮傑隆髮型
65800,65800,unchanged,黑色黑髮薄荷髮型
65810,65810,unchanged,黑色黑髮元氣髮型
65820,65820,unchanged,黑色焦糖拿鐵髮型
65830,65830,unchanged,黑色萊薩髮型
65840,65840,unchanged,黑色永劫之光髮型
65850,65850,unchanged,黑色公爵髮型
65860,65860,unchanged,黑色起司奶蓋髮型
65890,65890,unchanged,黑色雪兒髮型
65900,65900,unchanged,黑色香草香髮型
65910,65910,unchanged,黑色花椰菜布丁髮型
65920,65920,unchanged,黑色銀河髮型
65930,65930,unchanged,黑色守門人髮型
65940,65940,unchanged,黑色冷酷髮型
65950,65950,unchanged,黑色蒂拉髮型
65970,65970,unchanged,黑色雙色狂野騎士髮型
65980,65980,unchanged,黑色甜美布蕾髮型
65990,65990,unchanged,黑色異世界王子髮型
66000,66000,unchanged,黑色拌炒拉麵髮型
66010,66010,unchanged,貪心貓貓髮型(男)
66020,66020,unchanged,黑色靜謐髮型
66030,66030,unchanged,黑色迷霧靜謐髮型
66040,66040,unchanged,黑色闇夜靜謐髮型
66070,66070,unchanged,黑色蘆薈膠髮型
66080,66080,unchanged,黑色王牌髮型
66090,66090,unchanged,黑色害羞愛心分線燙髮
66100,66100,unchanged,黑色華麗波浪髮型
66110,66110,unchanged,黑色諾摩德微風髮型
66120,66120,unchanged,黑色泡泡雙馬尾髮型
66130,66130,unchanged,黑色編織髮帶造型
66140,66140,unchanged,黑色少女小花造型
66150,66150,unchanged,黑色雙短辮造型
66160,66160,unchanged,黑色普希泰伊造型
66170,66170,unchanged,黑色丹妮卡造型
66180,66180,unchanged,黑色自然梳理造型
66190,66190,unchanged,黑色氣質愛心造型
66200,66200,unchanged,黑色花花公子分線燙髮
66210,66210,unchanged,黑色蜷曲泡泡髮型
66220,66220,unchanged,黑色曉月的武士髮型
66230,66230,unchanged,黑色涼爽妖精髮型
66240,66240,unchanged,黑色成熟少年髮型
66250,66250,unchanged,黑色五行的陰陽師髮型
66260,66260,unchanged,黑色克里德髮型
66270,66270,unchanged,黑色白髮曉月武士髮型
66280,66280,unchanged,黑色白髮五行的陰陽師髮型
66290,66290,unchanged,黑色羊尾巴髮型
66300,66300,unchanged,黑色星光髮型
66310,66310,unchanged,黑色朋友世界凱內西斯髮型
66320,66320,unchanged,黑色超越者阿爾法髮型
66330,66330,unchanged,黑色超新星凱撒髮型
66340,66340,unchanged,黑色超新星卡蒂娜髮型
66350,66350,unchanged,黑色超新星凱殷髮型
66360,66360,unchanged,黑色末日反抗軍爆拳槍神髮型
66370,66370,unchanged,黑色末日反抗軍煉獄巫師髮型
66380,66380,unchanged,黑色末日反抗軍狂豹獵人髮型
66390,66390,unchanged,黑色末日反抗軍狂機甲戰神髮型
66400,66400,unchanged,黑色末日反抗軍狂傑諾髮型
66410,66410,unchanged,黑色惡魔殺手髮型
66420,66420,unchanged,黑色惡魔復仇者髮型
66430,66430,unchanged,黑色雷普阿戴爾髮型
66440,66440,unchanged,黑色雷普伊利恩髮型
66450,66450,unchanged,黑色雷普卡莉髮型
66460,66460,unchanged,黑色雷普亞克髮型
66470,66470,unchanged,黑色阿尼瑪蓮髮型
66480,66480,unchanged,黑色阿尼瑪菈菈髮型
66490,66490,unchanged,黑色阿尼瑪虎影髮型
66500,66500,unchanged,黑色長浪子造型
66510,66510,unchanged,黑色雙色調髮型
66520,66520,unchanged,黑色卡拉伊爾髮型
66530,66530,unchanged,黑色盧米埃髮型
66540,66540,unchanged,黑色次元的勇士髮型
66550,66550,unchanged,黑色派對客髮型
66560,66560,unchanged,黑色蘇克雷髮型
66570,66570,unchanged,黑色致命少年髮型
66580,66580,unchanged,黑色溫暖少年髮型
66590,66590,unchanged,黑色雪團髮型
66600,66600,unchanged,黑色暴走的時間髮型
66610,66610,unchanged,黑色馬龍髮型
66620,66620,unchanged,黑色夜之銀律髮型
66630,66630,unchanged,黑色銀律髮型
66640,66640,unchanged,黑色迷霧銀律髮型
66650,66650,unchanged,黑色小夜曲髮型
66730,66730,unchanged,黑色迷你線球髮型
66740,66740,unchanged,黑色呆萌小熊髮型
66750,66750,unchanged,黑色陰陽師髮型
66760,66760,unchanged,黑色劍豪髮型
66770,66770,unchanged,黑色墨玄髮型
66780,66780,unchanged,黑色琳恩髮型
66790,66790,unchanged,검은색 여운 헤어
66800,66800,unchanged,검은색 침묵의 결 헤어
67000,67000,unchanged,黑色冒險家英雄髮型
67010,67010,unchanged,黑色冒險家聖騎士髮型
67020,67020,unchanged,黑色冒險家黑騎士髮型
67030,67030,unchanged,黑色冒險家火毒髮型
67040,67040,unchanged,黑色冒險家主教髮型
67050,67050,unchanged,黑色冒險家冰雷髮型
67060,67060,unchanged,黑色冒險家箭神髮型
67070,67070,unchanged,黑色冒險家神射手髮型
67080,67080,unchanged,黑色冒險家夜使者髮型
67090,67090,unchanged,黑色冒險家影武者髮型
67100,67100,unchanged,黑色冒險家暗影神偷髮型
67110,67110,unchanged,黑色冒險家重砲指揮官髮型
67120,67120,unchanged,黑色冒險家拳霸髮型
67130,67130,unchanged,黑色冒險家槍神髮型
67140,67140,unchanged,黑色阿羅哈髮型
67150,67150,unchanged,黑色溫蒂髮型
67160,67160,unchanged,黑色冒險家開拓者髮型
67170,67170,unchanged,黑色隨性丸子頭髮型
67180,67180,unchanged,黑色土星髮型
67190,67190,unchanged,黑色短髮妙莉髮型
67200,67200,unchanged,黑色閃耀糖果髮型
67210,67210,unchanged,深黑色蓬鬆髮型
67220,67220,unchanged,黑色正式微捲髮型
67230,67230,unchanged,黑色玄山髮型
67240,67240,unchanged,黑色騎士團長奧茲髮型
67250,67250,unchanged,黑色騎士團長伊麗娜髮型
67260,67260,unchanged,黑色騎士團長伊卡勒特髮型
67270,67270,unchanged,黑色騎士團長鷹眼髮型
67280,67280,unchanged,黑色女皇西格諾斯髮型
67290,67290,unchanged,黑色英雄狂狼勇士髮型
67300,67300,unchanged,黑色英雄隱月髮型
67310,67310,unchanged,黑色英雄龍魔導士髮型
67320,67320,unchanged,黑色英雄夜光髮型
67330,67330,unchanged,黑色英雄精靈遊俠髮型
67340,67340,unchanged,黑色英雄幻影俠盜髮型
67350,67350,unchanged,黑色騎士團聖魂劍士髮型
67360,67360,unchanged,黑色騎士團烈焰巫師髮型
67370,67370,unchanged,黑色騎士團破風使者髮型
67380,67380,unchanged,黑色騎士團暗夜行者髮型
67390,67390,unchanged,黑色騎士團閃雷悍將髮型
67400,67400,unchanged,黑色殘月髮型
67410,67410,unchanged,黑色絲卡蒂髮型
67420,67420,unchanged,黑色安潔拉髮型
67430,67430,unchanged,黑色迷霧安潔拉髮型
67440,67440,unchanged,黑色夜晚安潔拉髮型
67450,67450,unchanged,黑色結露髮型
67460,67460,unchanged,黑色羅赫髮型
67470,67470,unchanged,黑色童年時期髮型
67480,67480,unchanged,黑色包包頭髮型
67490,67490,unchanged,禰豆子髮型
67500,67500,unchanged,忍髮型
67510,67510,unchanged,香奈乎髮型
67520,67520,unchanged,黑色中分時髦長髮
67530,67530,unchanged,黑色元氣髮型
67540,67540,unchanged,黑色輕飄飄髮型
67560,67560,unchanged,黑色彗星髮型
67570,67570,unchanged,黑色暗彗星髮型
67580,67580,unchanged,黑色俏麗包包頭髮型
67590,67590,unchanged,黑色檸檬茶少女髮型
67600,67600,unchanged,黑色網狀長髮髮型
67610,67610,unchanged,黑色永劫之歌髮型
67620,67620,unchanged,黑色雪花髮型
67630,67630,unchanged,黑色墓園管理人髮型
67640,67640,unchanged,黑色蒂娜髮型
67650,67650,unchanged,黑色殘酷髮型
67680,67680,unchanged,黑色深淵髮型
67690,67690,unchanged,黑色迷霧深淵髮型
67700,67700,unchanged,黑色闇夜深淵髮型
67730,67730,unchanged,黑色銀白合髮型
67740,67740,unchanged,黑色糖度100%髮型
67750,67750,unchanged,黑色成為女神之路髮型
67760,67760,unchanged,黑色曉月的武士髮型
67770,67770,unchanged,黑色水母波浪髮型
67780,67780,unchanged,黑色涼爽女神髮型
67790,67790,unchanged,黑色五行的陰陽師髮型
67800,67800,unchanged,黑色克里夫髮型
67810,67810,unchanged,黑色白髮曉月武士髮型
67820,67820,unchanged,黑色白髮五行的陰陽師髮型
67830,67830,unchanged,黑色羊角髮型
67840,67840,unchanged,黑色閃閃發亮髮型
67850,67850,unchanged,黑色朋友世界凱內西斯髮型
67860,67860,unchanged,黑色超越者蓓塔髮型
67870,67870,unchanged,黑色超新星凱撒髮型
67880,67880,unchanged,黑色超新星天使破壞者髮型
67890,67890,unchanged,黑色超新星卡蒂娜髮型
67900,67900,unchanged,黑色超新星凱殷髮型
67910,67910,unchanged,黑色末日反抗軍爆拳槍神髮型
67920,67920,unchanged,黑色末日反抗軍煉獄巫師髮型
67930,67930,unchanged,黑色末日反抗軍狂豹獵人髮型
67940,67940,unchanged,黑色末日反抗軍狂機甲戰神髮型
67950,67950,unchanged,黑色末日反抗軍狂傑諾髮型
67960,67960,unchanged,黑色惡魔殺手髮型
67970,67970,unchanged,黑色惡魔復仇者髮型
67980,67980,unchanged,黑色雷普阿戴爾髮型
67990,67990,unchanged,黑色雷普伊利恩髮型
68020,68020,unchanged,黑色亞咪髮型
68030,68030,unchanged,黑色蒂雅髮型
68040,68040,unchanged,黑色佩里髮型
68050,68050,unchanged,黑色露比髮型
68060,68060,unchanged,黑色薩菲髮型
68070,68070,unchanged,黑色里約髮型
68090,68090,unchanged,黑色寧靜髮型
68100,68100,unchanged,黑色微卷慵懶髮型
68110,68110,unchanged,黑色溫莉髮型
68120,68120,unchanged,黑色艾爾純淨髮型
68130,68130,unchanged,黑色艾爾銀白髮型
68140,68140,unchanged,黑色高校女生髮型
68150,68150,unchanged,黑色布蘭琪髮型
68160,68160,unchanged,黑色布蘭琪霧感髮型
68170,68170,unchanged,黑色山雲髮型
68180,68180,unchanged,黑色超級明星髮型
68190,68190,unchanged,黑色隨風飄揚的辮子髮型
68200,68200,unchanged,黑色華麗露希妲髮型
68210,68210,unchanged,黑色櫻桃棒棒糖髮型
68220,68220,unchanged,黑色優雅雙馬尾髮型
68230,68230,unchanged,黑色粉豆髮型
68240,68240,unchanged,黑色浪漫糖果髮型
68250,68250,unchanged,黑色女神公主頭
68260,68260,unchanged,黑色蓬鬆微卷雙馬尾髮型
68270,68270,unchanged,黑色高貴公主頭長髮
68280,68280,unchanged,黑色邁向未來髮型
68290,68290,unchanged,黑色帶著狐狸尾巴的髮型
68300,68300,unchanged,黑色小草莓髮型
68310,68310,unchanged,黑色泡泡編織髮型
68320,68320,unchanged,黑色拉圖斯髮型
68330,68330,unchanged,黑色深邃莉爾髮型
68340,68340,unchanged,黑色晴朗早晨髮型
68350,68350,unchanged,黑色獨角獸之尾髮型
68360,68360,unchanged,黑色寶石之心髮型
68370,68370,unchanged,黑色高貴小可愛髮型
68380,68380,unchanged,看起來像是黑色短髮，但其實是長髮
68390,68390,unchanged,黑色優雅女子髮型
68400,68400,unchanged,黑色蓬蓬喵喵髮型
68410,68410,unchanged,黑色蜂蜜髮型
68420,68420,unchanged,黑色時亞髮型
68430,68430,unchanged,黑色清爽短髮髮型
68440,68440,unchanged,黑色亂糟糟髮型
68450,68450,unchanged,黑色清爽短髮黑髮髮型
68460,68460,unchanged,黑色拿鐵泡泡髮型
68470,68470,unchanged,黑色黑海髮型
68480,68480,unchanged,黑色閃亮新芽髮型
68490,68490,unchanged,黑色摩卡髮型
68500,68500,unchanged,黑色隨興自捲髮型
68510,68510,unchanged,黑色哈密瓜髮型
68520,68520,unchanged,黑色金賢重髮型
68530,68530,unchanged,黑色衝突髮型
68540,68540,unchanged,黑色整頭捲髮髮蠟髮型
68550,68550,unchanged,黑色暴風雪雙馬尾
68560,68560,unchanged,黑色莎羅娜髮型
68570,68570,unchanged,黑色滑行髮型
68580,68580,unchanged,黑色環髮髮型
68590,68590,unchanged,黑色波浪包柏剪髮型
68600,68600,unchanged,黑色鮮乳捲少女髮型
68610,68610,unchanged,黑色純淨學校髮型
68620,68620,unchanged,黑色公主頭髮型
68630,68630,unchanged,黑色迪亞娜髮型
68640,68640,unchanged,黑色賽依髮型
68650,68650,unchanged,黑色運動女王髮型
68660,68660,unchanged,黑色妖精的眼淚髮型
68670,68670,unchanged,黑色黑髮上學髮型
68680,68680,unchanged,黑色黑髮加一匙開朗髮型
68690,68690,unchanged,黑色黑髮馬尾愛菲納髮型
68700,68700,unchanged,黑色黑髮莉爾髮型
68710,68710,unchanged,黑色黑髮眩惑髮型
68720,68720,unchanged,黑色黑髮楓糖髮型
68730,68730,unchanged,黑色傲嬌蘿莉髮型
68740,68740,unchanged,黑色中長層次髮型
68760,68760,unchanged,黑色小公爵髮型
68770,68770,unchanged,黑色咖啡拉花髮型
68780,68780,unchanged,黑色草莓香髮型
68790,68790,unchanged,黑色新式馬尾髮型
68800,68800,unchanged,黑色無辜垂耳貓髮型
68810,68810,unchanged,黑色甜美馬卡龍髮型
68820,68820,unchanged,黑色冷漠少女髮型
68830,68830,unchanged,黑色炒麵髮型
68840,68840,unchanged,貪心貓貓髮型(女)
68850,68850,unchanged,黑色優雅髮型
68860,68860,unchanged,黑色交織愛心髮型
68870,68870,unchanged,黑色俐落姬髮型
68880,68880,unchanged,黑色驚人波浪髮型
68890,68890,unchanged,黑色遊牧低語髮型
68900,68900,unchanged,黑色柔順造型
68910,68910,unchanged,黑色慕尼造型
68920,68920,unchanged,黑色四方刺刺髮型
68930,68930,unchanged,黑色創意十足造型
68940,68940,unchanged,黑色粉彩哥德
68950,68950,unchanged,黑色花花公子造型
68960,68960,unchanged,黑色活力小紮造型
68970,68970,unchanged,黑色帥氣日系造型
68980,68980,unchanged,黑色火爆浪子造型
68990,68990,unchanged,黑色雷普卡莉髮型
