排名,大小(MB),类别,对象,路径,顶层节点数,内容说明
1,63.94,职业技能,主教（job 232）,Data/Skill/232.img,2,职业技能文件，技能书《最高级神圣魔法》，含 28 个技能（ID 2321000–2321044）
2,61.19,职业技能,炎术士(4转)（job 1212）,Data/Skill/1212.img,2,职业技能文件，技能书《最高级火焰魔法》，含 17 个技能（ID 12121001–12121036）
3,59.65,职业技能,船长（job 522）,Data/Skill/522.img,2,职业技能文件，技能书《船长的完成》，含 28 个技能（ID 5220001–5221035）
4,54.58,怪物,檮杌（8880831）,Data/Mob/8880831.img,13,怪物动画与数据，13 组动作：info、regen、stand、move、flip、die1、attack1、attack2
5,53.13,特效,CharacterEff,Data/Effect/CharacterEff.img,100,角色通用特效（技能光效 / 状态 / 伤害数字），100 个分组：1112906、1112908、1042107、1002667、1032053、1032054、1072337、1082229、1112900、1112901、1112902、1112903
6,49.11,怪物,监视者卡洛斯（8880803）,Data/Mob/8880803.img,13,怪物动画与数据，13 组动作：stand、move、fly、hit1、die1、attack1、attack2、attack3
7,48.66,职业技能,冲锋队长（job 512）,Data/Skill/512.img,2,职业技能文件，技能书《冲锋队长的达成》，含 28 个技能（ID 5121000–5121036）
8,47.57,怪物技能,MobSkill,Data/Skill/MobSkill.img,51,全部怪物技能的图标与动画定义，51 个技能 ID
9,45.17,职业技能,魔导师（火毒）（job 212）,Data/Skill/212.img,2,"职业技能文件，技能书《最高级火, 毒魔法》，含 22 个技能（ID 2121000–2121036）"
10,39.86,职业技能,魔导师（冰雷）（job 222）,Data/Skill/222.img,2,"职业技能文件，技能书《最高级冷气,雷电魔法》，含 25 个技能（ID 2221000–2221031）"
11,39.76,BGM,GMS 全球版区域 BGM 包,Data/Sound/BgmGL.img,15,背景音乐集，15 首：amoria、chapel、cathedral、Amorianchallenge、NLCupbeat、NLChunt、NLCtown、HauntedHouse；用于 163 张地图：新叶城-市区街道、地铁行驿中、马莱尼西亚岛、大笨钟 等 18 个区域
12,38.08,怪物,进阶贝伦（8930000）,Data/Mob/8930000.img,20,怪物动画与数据，20 组动作：info、stand、move、hit1、die1、skill1、attack1、attack2
13,37.02,地图特效,Effect,Data/Map/Effect.img,21,地图通用资源，21 个分组：event、dojang、miro、balog、temaD、pepeKing、killing、maplemap、ad、praid
14,35.98,职业技能,圣骑士（job 122）,Data/Skill/122.img,2,职业技能文件，技能书《光之圣骑士》，含 24 个技能（ID 1220005–1221032）
15,35.51,怪物,班·雷昂（8840000）,Data/Mob/8840000.img,22,怪物动画与数据，22 组动作：attack1、attack2、attack3、attack4、attack5、attack6、attack7、die1
16,35.17,怪物,混沌（8880832）,Data/Mob/8880832.img,15,怪物动画与数据，15 组动作：info、regen、stand、move、flip、die1、attack1、attack2
17,34.9,职业技能,奇袭者(4转)（job 1512）,Data/Skill/1512.img,2,职业技能文件，技能书《奇袭者完成》，含 30 个技能（ID 15121000–15121033）
18,34.55,地图物件,BM1,Data/Map/Obj/BM1.img,8,Obj 物件图集，8 个物件分组：1-2、BMpre、ani、common、foothold、1-3、1-1、boss；用于 47 张地图：月之橋、利曼
19,32.4,BGM,Bgm49,Data/Sound/Bgm49.img,18,背景音乐集，18 首：Diffraction、MirrorCage、BloodCage、WarCloud、StrangeFog、WaveofEmptiness、FerociousBattlefield、DuskHallucination；用于 93 张地图：艾斯佩拉、月之橋、苦痛迷宮、泰涅布利斯 等 5 个区域
20,31.42,职业技能,侠盗（job 422）,Data/Skill/422.img,2,职业技能文件，技能书《盗之侠客》，含 30 个技能（ID 4221000–4221029）
21,31.12,地图物件,event,Data/Map/Obj/event.img,41,Obj 物件图集，41 个物件分组：snowyRock、grassySoil、sandBeach、cokeTown、2009winter、premiumField、7thMaple、2011newYear；用于 63 张地图：战斗地图、冒险岛活动、히든스트리트、迷你地图 等 9 个区域
22,29.62,职业技能,神射手（job 312）,Data/Skill/312.img,2,职业技能文件，技能书《神射手》，含 24 个技能（ID 3121000–3121033）
23,29.48,怪物,窮奇（8880830）,Data/Mob/8880830.img,13,怪物动画与数据，13 组动作：info、regen、stand、move、flip、die1、attack1、attack2
24,28.11,道具图标（椅子/设置道具）,椅子/设置道具 0301 段,Data/Item/Install/0301.img,427,椅子/设置道具图标集（道具 ID 前 4 位 0301），427 项
25,27.12,职业技能,隐士（job 412）,Data/Skill/412.img,2,职业技能文件，技能书《隐之侠士》，含 23 个技能（ID 4121000–4121029）
26,26.12,BGM,Bgm21,Data/Sound/Bgm21.img,9,背景音乐集，9 首：KerningSquare、KerningSquareField、KerningSquareSubway、TeraForest、2021year、2099year、2215year、2230year；用于 168 张地图：废都地铁、废都广场、塔拉森林、未来之城 等 5 个区域
27,24.81,怪物,戴米安（8880111）,Data/Mob/8880111.img,21,怪物动画与数据，21 组动作：info、stand、attack1、attack2、attack3、attack4、attack5、attack6
28,24.41,BGM,台服区域 BGM 包,Data/Sound/BgmTW.img,11,背景音乐集，11 首：FishingMemories、GachaponHousing、YoTaipei、NightField、NightMarket、101Building、101BuildingField、101BuildingSubway；用于 17 张地图：隐藏地图、隱藏地圖
29,23.16,BGM,Bgm15,Data/Sound/Bgm15.img,9,背景音乐集，9 首：MureungHill、MureungForest、WhiteHerb、Pirate、SunsetDesert、Nautilus、inNautilus、ElinForest；用于 327 张地图：隐藏地图、战神的过去、诺特勒斯号码头、诺特勒斯号 等 21 个区域
30,20.97,职业技能,英雄（job 112）,Data/Skill/112.img,2,职业技能文件，技能书《终极英雄》，含 21 个技能（ID 1120003–1121030）
31,20.95,地图背景,BM1_3,Data/Map/Back/BM1_3.img,2,Back 背景图集，2 个背景分组；用于 10 张地图：月之橋
32,20.47,职业技能,魂骑士(4转)（job 1112）,Data/Skill/1112.img,2,职业技能文件，技能书《魂骑士的完成》，含 7 个技能（ID 11121005–11121012）
33,20.45,职业技能,箭神（job 322）,Data/Skill/322.img,2,职业技能文件，技能书《弩箭神》，含 19 个技能（ID 3220004–3221035）
34,20.22,怪物,守护天使绿水灵（8880700）,Data/Mob/8880700.img,13,怪物动画与数据，13 组动作：info、stand、attack1、attack2、hit1、die1、move、skill1
35,19.84,职业技能,夜行者(4转)（job 1412）,Data/Skill/1412.img,2,职业技能文件，技能书《奇袭者秘技》，含 20 个技能（ID 14121003–14121036）
36,19.8,BGM,Bgm14,Data/Sound/Bgm14.img,6,背景音乐集，6 首：DragonLoad、HonTale、CaveOfHontale、DragonNest、Ariant、HotDesert；用于 369 张地图：战斗地图、航海中、神木村、隐藏地图 等 17 个区域
37,19.33,BGM,日服区域 BGM 包,Data/Sound/BgmJp.img,11,背景音乐集，11 首：Feeling、BizarreForest、Hana、Yume、Bathroom、BattleField、FirstStepMaster、CastleBoss；用于 70 张地图：江戶村、ジパング、楓城 百間廊下：罠、昭和村
38,19.26,音效,怪物音效库,Data/Sound/Mob.img,1414,全部怪物攻击 / 死亡 / 技能音效，1414 条
39,19.19,BGM,日服区域 BGM 包（第二组）,Data/Sound/BgmJp2.img,8,背景音乐集，8 首：Kamuna、Odaiba、Park、Akiabara、Office、Tokyosky、Rockbongi1、Rockbongi2；用于 35 张地图：未来东京
40,18.74,职业技能,风灵使者(4转)（job 1312）,Data/Skill/1312.img,2,职业技能文件，技能书《风灵使者的完成》，含 16 个技能（ID 13121003–13121023）
41,18.63,地图物件,rootabyss,Data/Map/Obj/rootabyss.img,6,Obj 物件图集，6 个物件分组：queen、rootabyss、banban、garden、pierre、bellum；用于 15 张地图：露塔必思
42,18.52,BGM,国服区域 BGM 包,Data/Sound/BgmCN.img,13,背景音乐集，13 首：GoShanghai、ShanghaiField、Yuyuan、PvP、shaolin_songshan、shaolin_daxiongbaodian、shaolin_mishi、shaolin_cangjingge；用于 67 张地图：东方神州、隐藏地图、House of Dong Dong Chiang
43,18.25,地图物件,gran_helisium,Data/Map/Obj/gran_helisium.img,22,Obj 物件图集，22 个物件分组：town_foot、town_object、town_plant、town_market、town_portal、town_entrance、basecamp、citadel_entance；用于 7 张地图：露塔必思、異界的戰場
44,17.35,怪物,亲卫队长敦凯尔（8645009）,Data/Mob/8645009.img,11,怪物动画与数据，11 组动作：info、stand、move、attack1、attack2、skill1、skill3、hit1
45,16.98,怪物,梦中的路西德（8880142）,Data/Mob/8880142.img,11,怪物动画与数据，11 组动作：attack1、attack2、attack3、die1、fly、hit1、info、skill3
46,16.63,怪物,梦中的路西德（8880141）,Data/Mob/8880141.img,12,怪物动画与数据，12 组动作：attack1、attack2、fly、hit1、info、skill1、skill2、skill3
47,16.51,地图物件,acc14,Data/Map/Obj/acc14.img,7,Obj 物件图集，7 个物件分组：destructionTown、destructionField、destructionCommon、darkEreb、darkErebKnights、threeDoors、PerionDryRock；用于 79 张地图：黃昏的勇士之村、騎士團要塞、幽靈峽谷
48,16.09,地图物件,chewchewIsland,Data/Map/Obj/chewchewIsland.img,1,Obj 物件图集，1 个物件分组：MainField；用于 34 张地图：啾啾艾爾蘭、五色園林、啾樂森林、艾勒溪谷 等 6 个区域
49,16.06,职业技能,黑骑士（job 132）,Data/Skill/132.img,2,职业技能文件，技能书《暗之黑骑士》，含 20 个技能（ID 1320005–1321026）
50,15.77,地图物件,Lacheln,Data/Map/Obj/Lacheln.img,10,Obj 物件图集，10 个物件分组：Center、Boss、Market、Dance、ClockT、Eurel、room、bridge；用于 32 张地图：拉契爾恩、拉契爾恩不夜城、不夜城、拉契爾恩舞會場 等 7 个区域
51,15.61,地图物件,KualaLumpur_MY,Data/Map/Obj/KualaLumpur_MY.img,7,Obj 物件图集，7 个物件分组：Adventure Rides、KualaLumpur、KamPung、ladder、rope、trap、Field；用于 15 张地图：新加坡、马来西亚
52,15.39,怪物,觉醒希拉（8880400）,Data/Mob/8880400.img,19,怪物动画与数据，19 组动作：info、regen、stand、move、hit1、die1、skill1、skill2
53,15.15,特效,Direction,Data/Effect/Direction.img,4,剧情演出特效（第一组），4 个分组：effect、sound、cygnus、cygnusJobTutorial
54,15.02,怪物,巨魔蝙蝠怪（8830007）,Data/Mob/8830007.img,10,怪物动画与数据，10 组动作：info、stand、attack1、attack2、attack3、attack4、skill16、skill1
55,15.02,怪物,蝙蝠怪（8830000）,Data/Mob/8830000.img,10,怪物动画与数据，10 组动作：info、stand、attack1、attack2、attack3、attack4、skill16、skill1
56,14.86,地图物件,acc6,Data/Map/Obj/acc6.img,4,Obj 物件图集，4 个物件分组：folkvillige、darkmountain、minar、cokeTown；用于 267 张地图：女皇之路、隐藏地图、童话村、神木村 等 17 个区域
57,14.81,地图背景,odium,Data/Map/Back/odium.img,2,Back 背景图集，2 个背景分组；用于 27 张地图：奧迪溫
58,14.73,地图物件,dowonkyung,Data/Map/Obj/dowonkyung.img,5,Obj 物件图集，5 个物件分组：foothold、darkMap、dowonkyungField、lightMap、hubMap；用于 31 张地图：桃源境
59,14.6,地图物件,TokyoJP,Data/Map/Obj/TokyoJP.img,15,Obj 物件图集，15 个物件分组：rope、ladder、brige、obj、forest、inside、upper、field；用于 23 张地图：未来东京
60,14.41,BGM,Bgm25,Data/Sound/Bgm25.img,12,背景音乐集，12 首：profession、timeGate、destructionTown、knightsStronghold、CygnusGarden、WindAndFlower、FlowerInBlue、SoundOfElf；用于 123 张地图：黃昏的勇士之村、騎士團要塞、幽靈峽谷
61,13.88,地图物件,angelSlime,Data/Map/Obj/angelSlime.img,2,Obj 物件图集，2 个物件分组：field、boss；服务端地图数据中未见引用（可能是客户端专用 / 活动图或已废弃资源）
62,13.82,地图物件,morass,Data/Map/Obj/morass.img,5,Obj 物件图集，5 个物件分组：castle_Outside、castle_Outside_Night、closedArea、deepSea、prison；用于 30 张地图：魔菈斯
63,13.28,怪物,威尔（8880301）,Data/Mob/8880301.img,16,怪物动画与数据，16 组动作：attack1、die1、move、attack2、attack3、attack4、hit1、info
64,12.93,地图物件,acc10,Data/Map/Obj/acc10.img,11,Obj 物件图集，11 个物件分组：altairCamp、elinField、poisonForest、timeTemple、timeTemplegrass、timeTempleice、timeTemplefire、timeTempleremains；用于 104 张地图：飞行中、时间神殿、时间领主、神殿的深处 等 13 个区域
65,12.71,地图物件,acc15,Data/Map/Obj/acc15.img,6,Obj 物件图集，6 个物件分组：cristalgarden、treasure、aswan、aswaninside、aswanbattle、hillah；用于 6 张地图（地图名未收录）
66,12.66,地图物件,odium,Data/Map/Obj/odium.img,11,Obj 物件图集，11 个物件分组：alley、ani、foothold、lightLab、outside、darkLab、frontLab、portal；用于 27 张地图：奧迪溫
67,12.49,特效,Direction1,Data/Effect/Direction1.img,4,剧情演出特效（第二组），4 个分组：effect、sound、aranTutorial、aranDirection
68,12.39,BGM,Bgm09,Data/Sound/Bgm09.img,5,背景音乐集，5 首：DarkShadow、TheyMenacingYou、FairyTale、FairyTalediffvers、TimeAttack；用于 159 张地图：玩具城、隐藏地图、武陵道场、怪物嘉年华 等 5 个区域
69,12.35,怪物,海龍（9390804）,Data/Mob/9390804.img,7,怪物动画与数据，7 组动作：info、stand、attack1、attack2、skill1、hit1、die1
70,11.85,怪物,森蘭丸（9421589）,Data/Mob/9421589.img,12,怪物动画与数据，12 组动作：info、stand、move、attack1、attack2、skill1、skill2、skill3
71,11.84,地图物件,acc8,Data/Map/Obj/acc8.img,8,Obj 物件图集，8 个物件分组：ariant、nihalDesert、castle、magatia、alcadno、jenumist、darkmagician、sahelDesert；用于 279 张地图：天空之城、航海中、玩具城、火焰之路 等 17 个区域
72,11.8,地图物件,masteriaGL3,Data/Map/Obj/masteriaGL3.img,1,Obj 物件图集，1 个物件分组：ckPQ；用于 17 张地图：绯红祭坛、组队任务、绯红要塞、挑战BOSS
73,11.8,地图背景,BM3_3,Data/Map/Back/BM3_3.img,2,Back 背景图集，2 个背景分组；用于 19 张地图：利曼
74,11.78,地图物件,zero,Data/Map/Obj/zero.img,12,Obj 物件图集，12 个物件分组：mirrorDungeon、Temple、ShadowTemple、shadowKnight、minar、ariant、edelstain、mureung；用于 2 张地图：泰涅布利斯
75,11.77,怪物,神选者塞伦（8880342）,Data/Mob/8880342.img,12,怪物动画与数据，12 组动作：info、stand、attack1、attack2、hit1、attack3、move、die1
76,11.68,地图物件,tutorial_jp,Data/Map/Obj/tutorial_jp.img,4,Obj 物件图集，4 个物件分组：entrance、trainingSchool1、trainingSchool2、common；用于 4 张地图（地图名未收录）
77,11.67,地图物件,Tdungeon2,Data/Map/Obj/Tdungeon2.img,7,Obj 物件图集，7 个物件分组：neoCity、zone1、zone2、zone3、zone4、zone5、zone6；用于 37 张地图：神木村、塔拉森林、未来之城、廢棄的都市
78,11.58,地图背景,arteria,Data/Map/Back/arteria.img,1,Back 背景图集，1 个背景分组；用于 6 张地图：阿爾特利亞
79,11.57,怪物,森蘭丸（9421583）,Data/Mob/9421583.img,12,怪物动画与数据，12 组动作：info、stand、move、attack1、attack2、skill1、skill2、skill3
80,11.56,怪物,鋼鐵樵夫（9309205）,Data/Mob/9309205.img,18,怪物动画与数据，18 组动作：info、stand、jump、move、attack1、attack2、attack3、attack4
81,11.48,BGM,泰服区域 BGM 包,Data/Sound/BgmTH.img,5,背景音乐集，5 首：ThaiTown、ThaiField、goldTempleTownTH、goldTempleFieldTH、goldTempleDungeonTH；用于 29 张地图：泰国、冒险岛、隱藏的遺跡
82,11.4,怪物,混沌血腥女王（8920000）,Data/Mob/8920000.img,17,怪物动画与数据，17 组动作：info、skill5、stand、move、skill1、attack1、attack2、attack3
83,11.39,怪物,混沌血腥女王（8920001）,Data/Mob/8920001.img,16,怪物动画与数据，16 组动作：info、stand、move、skill1、attack1、attack2、attack3、attack4
84,11.35,BGM,Bgm01,Data/Sound/Bgm01.img,6,背景音乐集，6 首：AncientMove、MoonlightShadow、WhereTheBarlogFrom、CavaBien、HighlandStar、BadGuys；用于 271 张地图：金银岛、废弃都市、迷宫、隐藏地图 等 9 个区域
85,11.16,怪物,贝尔加莫特（9400263）,Data/Mob/9400263.img,10,怪物动画与数据，10 组动作：attack1、attack2、attack3、die1、hit1、info、regen、skill1
86,10.97,BGM,Bgm02,Data/Sound/Bgm02.img,5,背景音乐集，5 首：MissingYou、WhenTheMorningComes、EvilEyes、JungleBook、AboveTheTreetops；用于 189 张地图：金银岛、魔法密林、迷宫、战斗地图 等 11 个区域
87,10.69,怪物,克雷塞尔（9420522）,Data/Mob/9420522.img,12,怪物动画与数据，12 组动作：info、stand、attack1、attack2、attack3、attack4、skill1、skill2
88,10.68,地图背景,dragonRoad,Data/Map/Back/dragonRoad.img,2,Back 背景图集，2 个背景分组；用于 44 张地图：战神的过去、神木村、隐藏地图、开启 等 8 个区域
89,10.57,地图物件,acc7,Data/Map/Obj/acc7.img,5,Obj 物件图集，5 个物件分组：mureungTW、mureungField、backchoTW、backchoField、mureungSchool；用于 223 张地图：战神的过去、天空之城、航海中、武陵 等 13 个区域
90,10.44,BGM,Bgm04,Data/Sound/Bgm04.img,6,背景音乐集，6 首：PlayWithMe、WhiteChristmas、UponTheSky、ArabPirate、Shinin'Harbor、WarmRegard；用于 203 张地图：特优路、金银岛、神秘岛、天空之城 等 14 个区域
91,10.43,BGM,Bgm13,Data/Sound/Bgm13.img,6,背景音乐集，6 首：CokeTown、Leafre、Minar'sDream、AcientForest、TowerOfGoddess、FightSand；用于 167 张地图：飞行中、神木村、半人马的隐身处、隐藏地图 等 9 个区域
92,10.34,怪物,克雷塞尔（9420521）,Data/Mob/9420521.img,11,怪物动画与数据，11 组动作：info、stand、attack1、attack2、attack3、attack4、skill1、skill2
93,10.26,BGM,Bgm22,Data/Sound/Bgm22.img,8,背景音乐集，8 首：EdelsteinCity、NationalPark、PowerStation、GelimerLab、UndergroundPlace、LowGradeOre、DespairOnDevil、DecisiveBattle；用于 3 张地图（地图名未收录）
94,10.2,怪物,贝尔加莫特（7220003）,Data/Mob/7220003.img,9,怪物动画与数据，9 组动作：info、regen、stand、attack1、attack2、attack3、skill1、hit1
95,10.13,地图物件,acc12,Data/Map/Obj/acc12.img,5,Obj 物件图集，5 个物件分组：rienTW、rienFD、rienTR、aran、mercedes；用于 68 张地图：金银岛、战神的过去、企鹅港口紧急状态、冰雪之岛 等 7 个区域
96,9.85,BGM,Bgm10,Data/Sound/Bgm10.img,5,背景音乐集，5 首：Timeless、TimelessB、BizarreTales、TheWayGrotesque、Eregos；用于 17 张地图：玩具城、隐藏地图、禁忌的時間
97,9.74,地图背景,morass,Data/Map/Back/morass.img,2,Back 背景图集，2 个背景分组；用于 30 张地图：魔菈斯
98,9.67,怪物,戴米安（8880110）,Data/Mob/8880110.img,14,怪物动画与数据，14 组动作：info、stand、move、die1、hit1、sleep、wakeup、attack1
99,9.58,BGM,Bgm11,Data/Sound/Bgm11.img,5,背景音乐集，5 首：BlueWorld、Aquarium、ShiningSea、DownTown、DarkMountain；用于 133 张地图：神秘岛、童话村、隐藏地图、水下世界 等 7 个区域
100,9.57,怪物,麦格纳斯（8880000）,Data/Mob/8880000.img,12,怪物动画与数据，12 组动作：info、stand、move、skill1、skill2、hit1、die1、attack1
